{
    "52": {
        "150": {
            "A": 1.0475,
            "B": 1.0474999999999999,
            "C": 1.0475
        },
        "150r": {
            "A": 1.0474999999999999,
            "B": 1.0474999999999997,
            "C": 1.0474999999999999
        },
        "149": {
            "A": 1.04750007020228,
            "B": 1.04750001727459,
            "C": 1.047500037352116
        },
        "1": {
            "A": 1.0466524055711717,
            "B": 1.0461899852192702,
            "C": 1.0490640069938773
        },
        "2": {
            "A": 1.0466524055711717,
            "B": 1.0462333818666028,
            "C": 1.0490640069938773
        },
        "3": {
            "A": 1.0466524055711717,
            "B": 1.0461899852192702,
            "C": 1.049345896759552
        },
        "7": {
            "A": 1.0462541200296633,
            "B": 1.0449598827369846,
            "C": 1.0502671706143032
        },
        "4": {
            "A": 1.0466524055711717,
            "B": 1.0461899852192702,
            "C": 1.0494447881663223
        },
        "5": {
            "A": 1.0466524055711717,
            "B": 1.0461899852192702,
            "C": 1.0495515779676452
        },
        "6": {
            "A": 1.0466524055711717,
            "B": 1.0461899852192702,
            "C": 1.0496533643840877
        },
        "8": {
            "A": 1.0459868547547493,
            "B": 1.0441683266465893,
            "C": 1.0510443532344433
        },
        "12": {
            "A": 1.0459868547547493,
            "B": 1.044224230027406,
            "C": 1.0510443532344433
        },
        "9": {
            "A": 1.0462499792419138,
            "B": 1.0441683266465893,
            "C": 1.0510443532344433
        },
        "13": {
            "A": 1.0455358001414485,
            "B": 1.0431894516549483,
            "C": 1.0520686772088386
        },
        "9r": {
            "A": 1.0462499792419138,
            "B": 1.0441683266465893,
            "C": 1.0510443532344433
        },
        "14": {
            "A": 1.046536114536936,
            "B": 1.0441683266465893,
            "C": 1.0510443532344433
        },
        "34": {
            "A": 1.0455358001414485,
            "B": 1.0431894516549483,
            "C": 1.0522426369884978
        },
        "18": {
            "A": 1.0448615989940087,
            "B": 1.0411335313028374,
            "C": 1.054655902516695
        },
        "11": {
            "A": 1.0466459435330846,
            "B": 1.0441683266465893,
            "C": 1.0510443532344433
        },
        "10": {
            "A": 1.0465945700150479,
            "B": 1.0441683266465893,
            "C": 1.0510443532344433
        },
        "15": {
            "A": 1.0455358001414485,
            "B": 1.0431894516549483,
            "C": 1.0523166022490351
        },
        "16": {
            "A": 1.0455358001414485,
            "B": 1.0431894516549483,
            "C": 1.0525014926593477
        },
        "17": {
            "A": 1.0455358001414485,
            "B": 1.0431894516549483,
            "C": 1.0524028884827719
        },
        "19": {
            "A": 1.0451058854432251,
            "B": 1.0411335313028374,
            "C": 1.054655902516695
        },
        "21": {
            "A": 1.0446953714584055,
            "B": 1.0411181331673187,
            "C": 1.0548923085860817
        },
        "20": {
            "A": 1.0452620509489359,
            "B": 1.0411335313028374,
            "C": 1.054655902516695
        },
        "22": {
            "A": 1.0446953714584055,
            "B": 1.041345009285793,
            "C": 1.0548923085860817
        },
        "23": {
            "A": 1.0444906070350124,
            "B": 1.0411079231446445,
            "C": 1.055141914069776
        },
        "24": {
            "A": 1.0444906070350124,
            "B": 1.0411079231446445,
            "C": 1.055412349665357
        },
        "25": {
            "A": 1.0443459307325824,
            "B": 1.0410296105971832,
            "C": 1.0554118949796858
        },
        "25r": {
            "A": 1.0443459307325824,
            "B": 1.0410296105971832,
            "C": 1.0554118949796858
        },
        "26": {
            "A": 1.0442642540571592,
            "B": 1.0410296105971832,
            "C": 1.0555035881871249
        },
        "28": {
            "A": 1.0442947833970442,
            "B": 1.0409756324022934,
            "C": 1.0555415944331912
        },
        "27": {
            "A": 1.044266873243796,
            "B": 1.0410296105971832,
            "C": 1.0555695611008393
        },
        "31": {
            "A": 1.0442642540571592,
            "B": 1.0410296105971832,
            "C": 1.0556141913998118
        },
        "33": {
            "A": 1.0445081514070893,
            "B": 1.0410296105971832,
            "C": 1.0555695611008393
        },
        "29": {
            "A": 1.0442113558383754,
            "B": 1.0409722795726624,
            "C": 1.0556411381985815
        },
        "30": {
            "A": 1.0441087457955536,
            "B": 1.0410576598601626,
            "C": 1.055646885780502
        },
        "250": {
            "A": 1.0441087457955536,
            "B": 1.0410576598601617,
            "C": 1.055646885780502
        },
        "32": {
            "A": 1.0442642540571592,
            "B": 1.0410296105971832,
            "C": 1.0556879204372829
        },
        "35": {
            "A": 1.0448076484612137,
            "B": 1.0405835522651234,
            "C": 1.054948589178947
        },
        "36": {
            "A": 1.0449668664215044,
            "B": 1.0404387612455537,
            "C": 1.054948589178947
        },
        "40": {
            "A": 1.0447286811685816,
            "B": 1.0402320676745618,
            "C": 1.0551286637432364
        },
        "37": {
            "A": 1.0451074148373776,
            "B": 1.0404387612455537,
            "C": 1.054948589178947
        },
        "38": {
            "A": 1.0449668664215044,
            "B": 1.0405596402865764,
            "C": 1.054948589178947
        },
        "39": {
            "A": 1.0449668664215044,
            "B": 1.0406406686693144,
            "C": 1.054948589178947
        },
        "41": {
            "A": 1.0447286811685816,
            "B": 1.0402320676745618,
            "C": 1.0552085733862187
        },
        "42": {
            "A": 1.0446800581857008,
            "B": 1.039846735675178,
            "C": 1.0553059495408748
        },
        "43": {
            "A": 1.0446800581857008,
            "B": 1.0400676258466586,
            "C": 1.0553059495408748
        },
        "44": {
            "A": 1.0445762014817386,
            "B": 1.0395674933901344,
            "C": 1.0554737402292125
        },
        "45": {
            "A": 1.0446744364947074,
            "B": 1.0395674933901344,
            "C": 1.0554737402292125
        },
        "47": {
            "A": 1.0444429058636322,
            "B": 1.0392915774195157,
            "C": 1.055623365083479
        },
        "46": {
            "A": 1.0447489375625374,
            "B": 1.0395674933901344,
            "C": 1.0554737402292125
        },
        "48": {
            "A": 1.0444369420758577,
            "B": 1.0392984846377136,
            "C": 1.055591426347708
        },
        "49": {
            "A": 1.0443035354361012,
            "B": 1.0390886115927873,
            "C": 1.0558334398553602
        },
        "50": {
            "A": 1.0442455993680857,
            "B": 1.039136469819524,
            "C": 1.0558676089770431
        },
        "51": {
            "A": 1.044248386619663,
            "B": 1.0391036207310147,
            "C": 1.0558976725716274
        },
        "151": {
            "A": 1.0442483866196628,
            "B": 1.039103620731013,
            "C": 1.0558976725716278
        },
        "52": {
            "A": 1.0453078019370188,
            "B": 1.0426565352074337,