{
    "150": {
        "A": 1.0474999999999992,
        "B": 1.0474999999999992,
        "C": 1.0474999999999994
    },
    "150r": {
        "A": 1.0474999999999983,
        "B": 1.0474999999999983,
        "C": 1.0474999999999988
    },
    "149": {
        "A": 1.0475000204721654,
        "B": 1.047499990842166,
        "C": 1.0475000039772808
    },
    "1": {
        "A": 1.0457628560909864,
        "B": 1.0462700123654098,
        "C": 1.0477026353893126
    },
    "2": {
        "A": 1.0457628560909864,
        "B": 1.046282961799473,
        "C": 1.0477026353893126
    },
    "3": {
        "A": 1.0457628560909862,
        "B": 1.0462700123654098,
        "C": 1.0477698053952442
    },
    "7": {
        "A": 1.0446270290453252,
        "B": 1.0451765074340675,
        "C": 1.047953658583151
    },
    "4": {
        "A": 1.0457628560909862,
        "B": 1.0462700123654098,
        "C": 1.0477993614997043
    },
    "5": {
        "A": 1.0457628560909862,
        "B": 1.0462700123654098,
        "C": 1.0478090935201863
    },
    "6": {
        "A": 1.0457628560909862,
        "B": 1.0462700123654098,
        "C": 1.0478258349445724
    },
    "8": {
        "A": 1.043878310754088,
        "B": 1.0444619769746064,
        "C": 1.0481045499325776
    },
    "12": {
        "A": 1.043878310754088,
        "B": 1.0444786550380671,
        "C": 1.0481045499325774
    },
    "9": {
        "A": 1.0439470266626578,
        "B": 1.0444619769746062,
        "C": 1.0481045499325774
    },
    "13": {
        "A": 1.0428008713330845,
        "B": 1.0435093687288306,
        "C": 1.0482298202384372
    },
    "9r": {
        "A": 1.0439470266626578,
        "B": 1.0444619769746062,
        "C": 1.0481045499325774
    },
    "14": {
        "A": 1.0440137793728927,
        "B": 1.044461976974606,
        "C": 1.0481045499325774
    },
    "34": {
        "A": 1.0428008713330845,
        "B": 1.0435093687288306,
        "C": 1.048275023378505
    },
    "18": {
        "A": 1.0415264128542898,
        "B": 1.0417874594830756,
        "C": 1.0495154194750123
    },
    "11": {
        "A": 1.044037767685977,
        "B": 1.044461976974606,
        "C": 1.0481045499325774
    },
    "10": {
        "A": 1.0440290557172964,
        "B": 1.044461976974606,
        "C": 1.0481045499325774
    },
    "15": {
        "A": 1.0428008713330845,
        "B": 1.0435093687288306,
        "C": 1.0482971798517167
    },
    "16": {
        "A": 1.0428008713330845,
        "B": 1.0435093687288304,
        "C": 1.0483525689861009
    },
    "17": {
        "A": 1.0428008713330845,
        "B": 1.0435093687288304,
        "C": 1.0483230284786287
    },
    "19": {
        "A": 1.0415970456066126,
        "B": 1.0417874594830756,
        "C": 1.049515419475012
    },
    "21": {
        "A": 1.0413615774467622,
        "B": 1.041780712339899,
        "C": 1.049593102405603
    },
    "20": {
        "A": 1.0416405501818709,
        "B": 1.0417874594830756,
        "C": 1.049515419475012
    },
    "22": {
        "A": 1.0413615774467622,
        "B": 1.0418266172208308,
        "C": 1.049593102405603
    },
    "23": {
        "A": 1.0411796499872816,
        "B": 1.041804602106047,
        "C": 1.0496828892185208
    },
    "24": {
        "A": 1.0411796499872816,
        "B": 1.041804602106047,
        "C": 1.0497640183805563
    },
    "25": {
        "A": 1.0410211803010117,
        "B": 1.041785440760713,
        "C": 1.0498067658131072
    },
    "25r": {
        "A": 1.0410211803010114,
        "B": 1.041785440760713,
        "C": 1.049806765813107
    },
    "26": {
        "A": 1.0409414803745929,
        "B": 1.0417854407607128,
        "C": 1.0498334796871909
    },
    "28": {
        "A": 1.0409539465081996,
        "B": 1.0417653718525919,
        "C": 1.0498728361855403
    },
    "27": {
        "A": 1.040914340640203,
        "B": 1.0417854407607128,
        "C": 1.0498783953495037
    },
    "31": {
        "A": 1.0409414803745929,
        "B": 1.0417854407607128,
        "C": 1.0498666648870074
    },
    "33": {
        "A": 1.0409820937362582,
        "B": 1.0417854407607128,
        "C": 1.0498783953495037
    },
    "29": {
        "A": 1.0408797633671778,
        "B": 1.041775604290557,
        "C": 1.0499085152367293
    },
    "30": {
        "A": 1.0408266993787967,
        "B": 1.0418334365267394,
        "C": 1.0498765473599643
    },
    "250": {
        "A": 1.0408266993787947,
        "B": 1.0418334365267377,
        "C": 1.0498765473599643
    },
    "32": {
        "A": 1.0409414803745927,
        "B": 1.0417854407607128,
        "C": 1.0498887877708132
    },
    "35": {
        "A": 1.041234801011115,
        "B": 1.0412265024461898,
        "C": 1.049626511925619
    },
    "36": {
        "A": 1.0412735421233672,
        "B": 1.0410848020285652,
        "C": 1.049626511925619
    },
    "40": {
        "A": 1.0410582111594626,
        "B": 1.0408832548707592,
        "C": 1.0496714490830057
    },
    "37": {
        "A": 1.0413103479731152,
        "B": 1.0410848020285652,
        "C": 1.049626511925619
    },
    "38": {
        "A": 1.0412735421233672,
        "B": 1.0411184786471424,
        "C": 1.049626511925619
    },
    "39": {
        "A": 1.0412735421233672,
        "B": 1.0411426464612066,
        "C": 1.049626511925619
    },
    "41": {
        "A": 1.0410582111594626,
        "B": 1.0408832548707592,
        "C": 1.0496954199765394
    },
    "42": {
        "A": 1.0408977214186887,
        "B": 1.0405171732201617,
        "C": 1.04972726157249
    },
    "43": {
        "A": 1.0408977214186887,
        "B": 1.0405651542651249,
        "C": 1.04972726157249
    },
    "44": {
        "A": 1.0407365152868204,
        "B": 1.0402610315675511,
        "C": 1.0497812760094858
    },
    "45": {
        "A": 1.0407652424647493,
        "B": 1.0402610315675511,
        "C": 1.0497812760094858
    },
    "47": {
        "A": 1.0405586517030814,
        "B": 1.0399783347679572,
        "C": 1.0498078568831803
    },
    "46": {
        "A": 1.0407875588075657,
        "B": 1.0402610315675511,
        "C": 1.0497812760094858
    },
    "48": {
        "A": 1.0405321799601566,
        "B": 1.0399614292732144,
        "C": 1.049765813383751
    },
    "49": {
        "A": 1.040437149271604,
        "B": 1.0397874605701856,
        "C": 1.0499327367306523
    },
    "50": {
        "A": 1.0403938998794864,
        "B": 1.0398238453286257,
        "C": 1.049930397875809
    },
    "51": {
        "A": 1.0403829250429175,
        "B": 1.0398065900932667,
        "C": 1.0499508921925105
    },
    "151": {
        "A": 1.0403829250429162,
        "B": 1.0398065900932651,
        "C": 1.0499508921925107
    },
    "135": {
        "A": 1.0415264128542876,
        "B": 1.0417874594830778,
        "C": 1.0495154194750103
    },
    "52": {
        "A": 1.042030496820958,
        "B": 1.0428820800268186,
        "C": 1.0481780318498055
    },
    "53": {
        "A": 1.0417380726047345,
        "B": 1.042515126429637,
        "C": 1.0481608421003779
    },
    "54": {
        "A": 1.0415667742031234,
        "B": 1.0423046400325353,
        "C": 1.048129568835816
    },
    "55": {
        "A": 1.0415814574411941,
        "B": 1.0422737641737119,
        "C": 1.0481325070933067
    },
    "57": {
        "A": 1.040861387647334,
        "B": 1.042009218365746,
        "C": 1.048117242946031
    },
    "56": {
        "A": 1.041610908810257,
        "B": 1.0422624993988283,
        "C": 1.048113060035957
    },
    "58": {
        "A": 1.040861387647334,
        "B": 1.0420427483591288,
        "C": 1.048117242946031
    },
    "60": {
        "A": 1.0392245168024805,
        "B": 1.04145035580283,
        "C": 1.0482075670422288
    },
    "59": {
        "A": 1.0408613876473338,
        "B": 1.0420613225458966,
        "C": 1.048117242946031
    },
    "61": {
        "A": 1.039224516802476,
        "B": 1.041450355802827,