{
    "150": {
        "A": 1.0399999999999996,
        "B": 1.0399999999999996,
        "C": 1.0399999999999996
    },
    "150r": {
        "A": 1.0399999999999994,
        "B": 1.039999999999999,
        "C": 1.0399999999999994
    },
    "149": {
        "A": 1.040000079797222,
        "B": 1.0400000519807437,
        "C": 1.0400000524546924
    },
    "1": {
        "A": 1.0415337217212692,
        "B": 1.0398953631825245,
        "C": 1.0417512118259875
    },
    "2": {
        "A": 1.041533721721269,
        "B": 1.0399436708595609,
        "C": 1.0417512118259875
    },
    "3": {
        "A": 1.041533721721269,
        "B": 1.0398953631825245,
        "C": 1.0420861067525988
    },
    "7": {
        "A": 1.042751458362842,
        "B": 1.039743954757443,
        "C": 1.0429433564736235
    },
    "4": {
        "A": 1.041533721721269,
        "B": 1.0398953631825245,
        "C": 1.0421960708377824
    },
    "5": {
        "A": 1.041533721721269,
        "B": 1.0398953631825245,
        "C": 1.0423426675518297
    },
    "6": {
        "A": 1.041533721721269,
        "B": 1.0398953631825245,
        "C": 1.0424730016629142
    },
    "8": {
        "A": 1.0435477804681113,
        "B": 1.039667018449136,
        "C": 1.0437227715768889
    },
    "12": {
        "A": 1.0435477804681113,
        "B": 1.0397291415479213,
        "C": 1.0437227715768889
    },
    "9": {
        "A": 1.0438479371681566,
        "B": 1.039667018449136,
        "C": 1.0437227715768889
    },
    "13": {
        "A": 1.0446069235666682,
        "B": 1.0397052322955147,
        "C": 1.0448136997483464
    },
    "9r": {
        "A": 1.0438479371681566,
        "B": 1.039667018449136,
        "C": 1.0437227715768889
    },
    "14": {
        "A": 1.0441819359497042,
        "B": 1.0396670184491357,
        "C": 1.0437227715768889
    },
    "34": {
        "A": 1.044606923566668,
        "B": 1.0397052322955145,
        "C": 1.0450141152179009
    },
    "18": {
        "A": 1.0455025081171483,
        "B": 1.0393377444474705,
        "C": 1.0466235999602
    },
    "11": {
        "A": 1.0443116775930654,
        "B": 1.0396670184491357,
        "C": 1.0437227715768889
    },
    "10": {
        "A": 1.0442486225660172,
        "B": 1.0396670184491357,
        "C": 1.0437227715768889
    },
    "15": {
        "A": 1.044606923566668,
        "B": 1.0397052322955145,
        "C": 1.0450959597026954
    },
    "16": {
        "A": 1.044606923566668,
        "B": 1.0397052322955145,
        "C": 1.0453005200236936
    },
    "17": {
        "A": 1.044606923566668,
        "B": 1.0397052322955145,
        "C": 1.0451914581684532
    },
    "19": {
        "A": 1.0457716538488802,
        "B": 1.0393377444474705,
        "C": 1.0466235999602
    },
    "21": {
        "A": 1.045465786751204,
        "B": 1.0393256186883364,
        "C": 1.0468746497421737
    },
    "20": {
        "A": 1.0459442956220908,
        "B": 1.0393377444474705,
        "C": 1.0466235999602
    },
    "22": {
        "A": 1.045465786751204,
        "B": 1.039601530419665,
        "C": 1.0468746497421737
    },
    "23": {
        "A": 1.0453949680199919,
        "B": 1.0392810758515134,
        "C": 1.0471295879510132
    },
    "24": {
        "A": 1.0453949680199919,
        "B": 1.0392810758515134,
        "C": 1.0474277211921228
    },
    "25": {
        "A": 1.0453823408681189,
        "B": 1.0391918484491909,
        "C": 1.0473703210929806
    },
    "25r": {
        "A": 1.0453823408681187,
        "B": 1.0391918484491909,
        "C": 1.0473703210929803
    },
    "26": {
        "A": 1.0453636459471756,
        "B": 1.0391918484491907,
        "C": 1.0474722699908354
    },
    "28": {
        "A": 1.0453915806590732,
        "B": 1.0391390566897991,
        "C": 1.0474773554969383
    },
    "27": {
        "A": 1.0454018045820956,
        "B": 1.0391918484491907,
        "C": 1.047512042789777
    },
    "31": {
        "A": 1.0453636459471756,
        "B": 1.0391918484491907,
        "C": 1.0475941224080618
    },
    "33": {
        "A": 1.0456676709818553,
        "B": 1.0391918484491907,
        "C": 1.047512042789777
    },
    "29": {
        "A": 1.0453618278413015,
        "B": 1.0391219377534042,
        "C": 1.0475790413179462
    },
    "30": {
        "A": 1.0452787486445125,
        "B": 1.0391731558419273,
        "C": 1.047629414569492
    },
    "250": {
        "A": 1.0452787486445123,
        "B": 1.039173155841926,
        "C": 1.0476294145694918
    },
    "32": {
        "A": 1.0453636459471756,
        "B": 1.0391918484491907,
        "C": 1.0476753494793538
    },
    "35": {
        "A": 1.0459159313114141,
        "B": 1.0394517784725075,
        "C": 1.0467057163606908
    },
    "36": {
        "A": 1.0460956248069428,
        "B": 1.0394259482297006,
        "C": 1.0467057163606908
    },
    "40": {
        "A": 1.046125174991935,
        "B": 1.039508665946131,
        "C": 1.046794751725482
    },
    "37": {
        "A": 1.0462504852640846,
        "B": 1.0394259482297006,
        "C": 1.0467057163606908
    },
    "38": {
        "A": 1.0460956248069428,
        "B": 1.0395623868682347,
        "C": 1.0467057163606908
    },
    "39": {
        "A": 1.0460956248069428,
        "B": 1.0396521280724518,
        "C": 1.0467057163606908
    },
    "41": {
        "A": 1.046125174991935,
        "B": 1.039508665946131,
        "C": 1.0468829910144948
    },
    "42": {
        "A": 1.0463584060451805,
        "B": 1.0395451776284277,
        "C": 1.0468653720532
    },
    "43": {
        "A": 1.0463584060451805,
        "B": 1.0398076236675278,
        "C": 1.0468653720532
    },
    "44": {
        "A": 1.0464913320140738,
        "B": 1.039570086578876,
        "C": 1.0469482085209652
    },
    "45": {
        "A": 1.046598734281023,
        "B": 1.039570086578876,
        "C": 1.046948208520965
    },
    "47": {
        "A": 1.0466220904358088,
        "B": 1.0396605038452698,
        "C": 1.047015510701406
    },
    "46": {
        "A": 1.0466803102660667,
        "B": 1.039570086578876,
        "C": 1.046948208520965
    },
    "48": {
        "A": 1.0466478420017713,
        "B": 1.0396937289237829,
        "C": 1.047022377081074
    },
    "49": {
        "A": 1.0466514486801801,
        "B": 1.0397370430161035,
        "C": 1.0470273595558657
    },
    "50": {
        "A": 1.0466218967462577,
        "B": 1.0397604674420013,
        "C": 1.0470815650697678
    },
    "51": {
        "A": 1.046640360212349,
        "B": 1.0397342482042953,
        "C": 1.0470997181668218
    },
    "151": {
        "A": 1.0466403602123489,
        "B": 1.0397342482042942,
        "C": 1.0470997181668216
    },
    "135": {
        "A": 1.0455025081171512,
        "B": 1.0393377444474665,
        "C": 1.0466235999602012
    },
    "52": {
        "A": 1.0455581918092685,
        "B": 1.039849242567157,
        "C": 1.045565082103174
    },
    "53": {
        "A": 1.0460044029137696,
        "B": 1.0399691150068093,
        "C": 1.0459114675981893
    },
    "54": {
        "A": 1.046265013778313,
        "B": 1.0400739379940949,
        "C": 1.0461097184497627
    },
    "55": {
        "A": 1.0463102367348256,
        "B": 1.040063422895146,
        "C": 1.046100526153231
    },
    "57": {
        "A": 1.046608755916537,
        "B": 1.040797555591321,
        "C": 1.0466419466189525
    },
    "56": {
        "A": 1.0463374362009048,
        "B": 1.0400846744285157,
        "C": 1.0460715185819334
    },
    "58": {
        "A": 1.0466087559165367,
        "B": 1.0409337691702953,
        "C": 1.0466419466189525
    },
    "60": {
        "A": 1.0472361187580568,
        "B": 1.042238073747138,
        "C": 1.047961044278234
    },
    "59": {
        "A": 1.0466087559165367,
        "B": 1.041002710612457,
        "C": 1.0466419466189525
    },
    "61": {
        "A": 1.0472361187580561,
        "B": 1.0422380737471355,