{
    "cen": 0.6080674446300252,
    "area_5": [
        0.3402434421264864,
        0.2994388218041844,
        0.3312576821031191,
        0.4952035715740176,
        0.6948068931750873,
        0.8069735560092229,
        0.7888316211687008,
        0.734069691181352,
        0.6519146288498533,
        0.6289232672624422,
        0.6359143035417071,
        0.6183433349901839,
        0.6154886783465312,
        0.6260941132279703,
        0.6244899888090524,
        0.6228082321934434,
        0.6261620670159942,
        0.6292571394054811,
        0.6360237113119496,
        0.6388437571781279,
        0.6360126991557147,
        0.6319351161220973,
        0.6303198250534927,
        0.6265789741733864,
        0.6263894458544838,
        0.6233824606571776,
        0.6269574972514121,
        0.6307539091703046,
        0.6326052848640753,
        0.6358659230468661,
        0.6359885605802136,
        0.6352563887129609,
        0.6335959692764386,
        0.6390451579119938,
        0.6384723305220241,
        0.6384547143230537,
        0.6385157905937263,
        0.6384584620476851,
        0.6385686873385081,
        0.6384826420464155
    ],
    "area_4": [
        0.34000001629840343,
        0.29393400480656334,
        0.34038817395795357,
        0.49647010766115834,
        0.6941413341299529,
        0.8030732677372296,
        0.7884912983235755,
        0.7087675971385511,
        0.6538167335141017,
        0.6428488281733121,
        0.626638760572953,
        0.6184061238358788,
        0.6271806261885381,
        0.6153651337265977,
        0.6097135678387405,
        0.6222932828796829,
        0.6269073551914188,
        0.6294318440552804,
        0.6292358322210672,
        0.6352166222315714,
        0.6395524307115584,
        0.6403921337445889,
        0.6380862918027199,
        0.6342180525150759,
        0.6298490223541993,
        0.6273341094620419,
        0.6256991057197384,
        0.6267500520683268,
        0.6302678875897092,
        0.6347165903948534,
        0.6389204869178958,
        0.6411517168386184,
        0.6412219193496733,
        0.6390333354022663,
        0.6384726390006674,
        0.6384691343573653,
        0.6385160380733783,
        0.6384418252938266,
        0.6383277928385185,
        0.6387468953338405
    ],
    "area_3": [
        0.3611274219663601,
        0.3641895146243326,
        0.41967904714846715,
        0.5258997196804633,
        0.6960571656076996,
        0.6867055953044876,
        0.7239807056894404,
        0.7131688160013285,
        0.7201227745816797,
        0.672337349515431,
        0.6328152227209399,
        0.6178001174890031,
        0.6222513587013696,
        0.6226556203869746,
        0.6237408259437929,
        0.6246884813503047,
        0.6388239820405299,
        0.635835251054901,
        0.6408190634639835,
        0.6424560152294055,
        0.6430428975571258,
        0.6450274981975056,
        0.6418611857965555,
        0.6399790399713564,
        0.6352168398836417,
        0.6327332679408002,
        0.6317754655532035,
        0.6322631905247529,
        0.6351508774084799,
        0.6397828549137975,
        0.6428820238812409,
        0.6450991767295536,
        0.6453973585712658,
        0.6431010970550769,
        0.6433512950115936,
        0.6414294281282693,
        0.6435366589931744,
        0.6423452772439447,
        0.6423676530935586,
        0.6429787308565283
    ],
    "area_2": [
        0.34001444847577345,
        0.29394115354962336,
        0.33491349067628134,
        0.5030718433844841,
        0.6884415204689046,
        0.8072655113398013,
        0.7888661244228747,
        0.7197379972171024,
        0.6428507199108822,
        0.6384223288848231,
        0.6268407815299805,
        0.6228879846287538,
        0.6112089398791668,
        0.6112504101638724,
        0.6168082289925226,
        0.6213827685083846,
        0.6288378187152722,
        0.6329267892052323,
        0.6355596171749521,
        0.6371211056843074,
        0.6395499845230769,
        0.6403900893087846,
        0.638082604143444,
        0.6342236430668533,
        0.6298473118803972,
        0.6273462665543017,
        0.6256929639641942,
        0.6267464808520441,
        0.630254232894126,
        0.6347321633101553,
        0.6389160536310678,
        0.6411516370943555,
        0.6412225332692564,
        0.6390328432949978,
        0.6384701705633563,
        0.6384693639164412,
        0.6385192524672019,
        0.6384321810718432,
        0.6383280393925642,
        0.638752924368761
    ],
    "area_1": [
        0.3882844777723715,
        0.4517915403118689,
        0.6543344897925347,
        0.7567882877782547,
        0.6650262852880509,
        0.5873096017679797,
        0.5274433577093752,
        0.5675987098797535,
        0.6490176052295882,
        0.6439199732372114,
        0.628724775365313,
        0.6347287074372682,
        0.617168378274093,
        0.6145953735095786,
        0.6237311791642356,
        0.6300973700041426,
        0.6222265209018069,
        0.6329142298361679,
        0.6313276725890442,
        0.6317273212904271,
        0.6355042320908589,
        0.6343021165750062,
        0.6332178438841414,
        0.6304079891971075,
        0.6297367971155079,
        0.6289621721853078,
        0.6266383511347664,
        0.6275294822975185,
        0.6305427064758808,
        0.6316082131826345,
        0.6345271116041057,
        0.6360170553527368,
        0.6354838040977686,
        0.634430112675532,
        0.6347264700485454,
        0.6362146726670981,
        0.6335355749135564,
        0.6344536256641482,
        0.6353401552316135,
        0.6352478291823515
    ]
}