{
    "cen": 0.6576588736072813,
    "area_5": [
        0.34018209429224044,
        0.3114426886338269,
        0.3634910821435308,
        0.5588483081232161,
        0.7726848585845746,
        0.8785878075314104,
        0.8291906636007468,
        0.7673803602027799,
        0.7053782915605328,
        0.6862250575868147,
        0.6839788920487913,
        0.6794897783184671,
        0.6709929684438216,
        0.6943695057280347,
        0.6894447270684777,
        0.6655995969363182,
        0.6694949343966157,
        0.6432143118880891,
        0.6280039602883495,
        0.6399128565550823,
        0.6535637467916282,
        0.6665129492715155,
        0.6881390270798077,
        0.6814899102137948,
        0.6778934373410124,
        0.6606067005817663,
        0.6586857323139491,
        0.6517846730933559,
        0.647465233617795,
        0.647022766401471,
        0.6533506031585475,
        0.6940183357345108,
        0.6853365970815288,
        0.6881938288031355,
        0.6700762449671004,
        0.6604660322556976,
        0.6538109344108518,
        0.6463641490542426,
        0.6557407502734798,
        0.6637252886622089
    ],
    "area_4": [
        0.3401738510832133,
        0.3071549486767112,
        0.37459404986959377,
        0.5612046886083095,
        0.7644964009735211,
        0.878001888806351,
        0.8294526596405034,
        0.7663899198276128,
        0.7057223348117083,
        0.6865044802403777,
        0.6851328134045078,
        0.6764452793730648,
        0.6830169918962312,
        0.6564125043475404,
        0.6521957076480202,
        0.6655603152139581,
        0.6881378379890203,
        0.6685403189699846,
        0.6489564687742142,
        0.640341452916362,
        0.6532220904923874,
        0.6654382764614297,
        0.6878809593429019,
        0.6827817963206343,
        0.6778221883835553,
        0.6605993551012073,
        0.6587791741284713,
        0.6519403440759391,
        0.6471313411849837,
        0.644378694586066,
        0.6520169896544035,
        0.6857705110892087,
        0.6937789542566326,
        0.6920219192654558,
        0.6701842390934558,
        0.6607072856742038,
        0.6535062712932986,
        0.6464341077019296,
        0.6556239278368263,
        0.6617066295347069
    ],
    "area_3": [
        0.3612515953712512,
        0.36882174534406953,
        0.4327876479309378,
        0.5631589748042986,
        0.7499813781406823,
        0.7705256792762838,
        0.8290011491954818,
        0.7670797954060561,
        0.7191126423953975,
        0.6918439679948414,
        0.6774511019554561,
        0.665319577576452,
        0.6669280073369143,
        0.6540225376875421,
        0.6688924894781763,
        0.6673307219939273,
        0.6882181246642071,
        0.668755923151939,
        0.6494320726295961,
        0.6430253033284915,
        0.6501306328853669,
        0.6650910015367473,
        0.687765872830056,
        0.6828410077798837,
        0.6779775741265811,
        0.660904046146428,
        0.65853790744774,
        0.6553198746238275,
        0.6499118257495466,
        0.647151994946106,
        0.649795449164224,
        0.6786993244344841,
        0.6939976097800339,
        0.6921880504166712,
        0.6703035213447883,
        0.660077528518513,
        0.6559696322773068,
        0.6494454079301727,
        0.6533596283979276,
        0.6588719268460482
    ],
    "area_2": [
        0.33999712014969985,
        0.3069991722704285,
        0.3630673897878487,
        0.560769722098567,
        0.7756353993905564,
        0.8785825153006994,
        0.8291899337509332,
        0.7670386219987759,
        0.7057153339490299,
        0.6862290347670325,
        0.683979627226893,
        0.6766646938536344,
        0.667846384373963,
        0.6533375626624216,
        0.6697929381112291,
        0.6672038884946389,
        0.6883016771936308,
        0.6686005011792165,
        0.6488628965624009,
        0.6399110280654572,
        0.65356507870557,
        0.665487263217595,
        0.6876404439434112,
        0.683013879967046,
        0.6778937315207826,
        0.6606072055606496,
        0.6586856400995719,
        0.6517835418572813,
        0.6473231919662229,
        0.6436504012813856,
        0.6527500330280185,
        0.6855783014797378,
        0.6938188338280148,
        0.6922672659790409,
        0.6700766291881336,
        0.6604657672527243,
        0.653810878279694,
        0.6463644563403481,
        0.6551029726863931,
        0.6616152463190194
    ],
    "area_1": [
        0.453403831506746,
        0.5278375407002944,
        0.7720921593510315,
        0.8580406415790925,
        0.684683445612424,
        0.5410195745762556,
        0.5741315274790677,
        0.6418840823310257,
        0.7345206223679442,
        0.7443689015696942,
        0.7087015140941244,
        0.6913173700670963,
        0.6391828811264977,
        0.6803229852307224,
        0.6569165245672881,
        0.7236854829897112,
        0.6320344958495441,
        0.6561376542461324,
        0.6771514094333059,
        0.6969219333025097,
        0.6832935288670441,
        0.703464109421057,
        0.639100355388957,
        0.6598705149518999,
        0.634929213684088,
        0.6772563413546067,
        0.6547579479350202,
        0.652201153074875,
        0.6488085534526351,
        0.6699922335421051,
        0.7321351424962965,
        0.6604998459531566,
        0.6660195076192785,
        0.6269957371286028,
        0.666357852302665,
        0.6663094364313699,
        0.652825544729458,
        0.6841122672519466,
        0.6705710739600503,
        0.6935452769441381
    ]
}