{"135": {"phases": [], "types": [], "mrid": [], "control_mrid": [], "kv": 2400, "pq": [[0.0, 0.0], [0.0, 0.0], [0.0, 0.0]], "pv": [[0.0, 0.0], [0.0, 0.0], [0.0, 0.0]], "idx": 18}, "151": {"phases": [], "types": [], "mrid": [], "control_mrid": [], "kv": 2400, "pq": [[0.0, 0.0], [0.0, 0.0], [0.0, 0.0]], "pv": [[0.0, 0.0], [0.0, 0.0], [0.0, 0.0]], "idx": 16}, "35": {"phases": [1, 1], "types": ["pv", "pq"], "mrid": ["_07606cb7-241b-4816-b4dd-60a8ab8f493c", "_47c3a9c1-1c0f-4350-a96f-a1fd2f227c9c"], "control_mrid": ["_B8A00AA4-D8A8-4A2D-B2AB-78C6204E0CF8"], "kv": 2400.0, "pq": [[1036.6796421776369, 2254.496598919727], [0.0, 0.0], [0.0, 0.0]], "pv": [[1036.6796421776369, 2254.496598919727], [0.0, 0.0], [0.0, 0.0]], "idx": 3}, "36": {"phases": [], "types": [], "mrid": [], "control_mrid": [], "kv": 2400, "pq": [[0.0, 0.0], [0.0, 0.0], [0.0, 0.0]], "pv": [[0.0, 0.0], [0.0, 0.0], [0.0, 0.0]], "idx": 4}, "37": {"phases": [1, 1], "types": ["pv", "pq"], "mrid": ["_1af10133-edd9-4c77-8759-547c5c62f183", "_28ae7ec3-b157-4545-902e-c03b7074b7b7"], "control_mrid": ["_193045D7-97BD-4136-9717-6AC25F7EB6E2"], "kv": 2400.0, "pq": [[-15119.154369689777, 33565.67867643684], [0.0, 0.0], [0.0, 0.0]], "pv": [[952.4918968975295, 2290.6086958930377], [0.0, 0.0], [0.0, 0.0]], "idx": 13}, "38": {"phases": [2, 2], "types": ["pv", "pq"], "mrid": ["_eeb86d78-cf3f-4580-b7b9-b858b8f60b4e", "_6a21eca2-62b8-4b3e-a9d8-4b521a106251"], "control_mrid": ["_2998E842-171D-432D-90AE-C65BC247028B"], "kv": 2400.0, "pq": [[0.0, 0.0], [2385.0439598248554, -752.6736958870381], [0.0, 0.0]], "pv": [[0.0, 0.0], [2385.0439598248554, -752.6736958870381], [0.0, 0.0]], "idx": 8}, "39": {"phases": [2, 2], "types": ["pv", "pq"], "mrid": ["_040e3a17-f115-4081-8fcf-b427db015a71", "_4e66de50-dc09-497d-9a89-c77ad602a27e"], "control_mrid": ["_E7871EE4-879B-47EE-A700-609AE29D788D"], "kv": 2400.0, "pq": [[0.0, 0.0], [2391.5536590779075, -731.1568100510641], [0.0, 0.0]], "pv": [[0.0, 0.0], [-11969.201381157161, -16023.052714676609], [0.0, 0.0]], "idx": 9}, "40": {"phases": [], "types": [], "mrid": [], "control_mrid": [], "kv": 2400, "pq": [[0.0, 0.0], [0.0, 0.0], [0.0, 0.0]], "pv": [[0.0, 0.0], [0.0, 0.0], [0.0, 0.0]], "idx": 1}, "41": {"phases": [3, 3], "types": ["pv", "pq"], "mrid": ["_176e9935-1504-4020-afa3-23e323f245b8", "_13fa1c2b-c17c-49aa-abec-4f44a04037b3"], "control_mrid": ["_A8A3BDE5-4DA1-433F-A361-5DD5345653A5"], "kv": 2400.0, "pq": [[0.0, 0.0], [0.0, 0.0], [241.2563575677156, 2491.698951733702]], "pv": [[0.0, 0.0], [0.0, 0.0], [-11969.201381157161, -16023.052714676609]], "idx": 7}, "42": {"phases": [1, 1], "types": ["pv", "pq"], "mrid": ["_5b65e236-a114-43b7-9a52-8665cbd45cc3", "_753a11f9-60a6-4ebf-a780-e19381301576"], "control_mrid": ["_CF92148E-E12B-4C43-86F1-322F7359DAD8"], "kv": 2400.0, "pq": [[-7555.233922617801, 16773.196987748663], [0.0, 0.0], [0.0, 0.0]], "pv": [[871.8217545582534, 2320.98822204328], [0.0, 0.0], [0.0, 0.0]], "idx": 0}, "43": {"phases": [2, 2], "types": ["pv", "pq"], "mrid": ["_0801e633-7b83-4d85-a860-03ccbe63d109", "_5ddf6f36-f579-4f48-803c-194f46c9489f"], "control_mrid": ["_32AED2A5-F1B0-4517-A764-4A1282BC2BE4"], "kv": 2400.0, "pq": [[0.0, 0.0], [2416.070324781684, -637.8309883102678], [0.0, 0.0]], "pv": [[0.0, 0.0], [2416.070324781684, -637.8309883102678], [0.0, 0.0]], "idx": 17}, "44": {"phases": [], "types": [], "mrid": [], "control_mrid": [], "kv": 2400, "pq": [[0.0, 0.0], [0.0, 0.0], [0.0, 0.0]], "pv": [[0.0, 0.0], [0.0, 0.0], [0.0, 0.0]], "idx": 2}, "45": {"phases": [1, 1], "types": ["pv", "pq"], "mrid": ["_3b3051c9-7fec-4d0e-b7c2-97a33a0242df", "_a7e87493-3d9e-40f1-adca-d7b2b6ef81e1"], "control_mrid": ["_AA8D4898-1E74-48D1-9D75-D5571F2B29E8"], "kv": 2400.0, "pq": [[785.4391353602003, 2350.5159631471197], [0.0, 0.0], [0.0, 0.0]], "pv": [[-11969.201381157161, -16023.052714676609], [0.0, 0.0], [0.0, 0.0]], "idx": 11}, "46": {"phases": [1, 1], "types": ["pv", "pq"], "mrid": ["_2f80ab8b-aa39-4ec9-a006-09d23457bbeb", "_a4168162-90b7-4563-9555-e2cfa5b6cef8"], "control_mrid": ["_4494EA72-A87B-424D-B639-83638405E6B2"], "kv": 2400.0, "pq": [[-7551.573897246162, 16765.071435905407], [0.0, 0.0], [0.0, 0.0]], "pv": [[-11969.201381157161, -16023.052714676609], [0.0, 0.0], [0.0, 0.0]], "idx": 12}, "47": {"phases": [3, 1, 2, 1, 2, 3], "types": ["pv", "pv", "pv", "pq", "pq", "pq"], "mrid": ["_02ab4aab-f021-4bb8-9e7a-491f64617cf7", "_3b9e26d3-171e-41d6-8223-e3c03159a4a6", "_9b8f733a-20ac-4520-9933-ccdd89a88999", "_cb0e4872-aadb-4a9c-a95b-97fc47c92743", "_03e62df3-c305-40c1-8efa-7e5362c71921", "_c5862aa8-266b-4961-a2ca-6a473fd82221"], "control_mrid": ["_11827BF6-7797-491B-8582-5D853954C52C", "_7C154147-F56F-4E83-9F7B-EFDB57396142", "_86A69267-720A-4131-8190-5FDF5B534703"], "kv": 2400.0, "pq": [[752.9802559954894, 2360.496191517787], [-7926.20265791674, -34751.39724278681], [136.96276014057378, 2497.0301177175215]], "pv": [[-20946.102417025035, -28040.342250684065], [2418.519859989049, -622.7165160408006], [136.96276014057378, 2497.0301177175215]], "idx": 10}, "48": {"phases": [2, 3, 1, 2, 3, 1], "types": ["pv", "pv", "pv", "pq", "pq", "pq"], "mrid": ["_66d590c7-7efe-43d6-a0b4-99a8a5f290ef", "_88b4c397-f7c6-4af6-9efe-dbfa703e74fe", "_754d6e99-235a-4aa1-8cd7-77cc4dd7a975", "_6eb2fc04-b42b-4d3a-a5d5-bc55dfef4112", "_36ccdc62-e669-4364-9417-341f150cf3bc", "_8b4bf469-868e-40d3-b3a8-b6c69f696843"], "control_mrid": ["_12EDEED9-8E86-46C1-A6DE-C66EF95253A6", "_580302DF-FAFA-46DD-B2A4-8D064FFEC1A3", "_9272EA88-7679-4AC0-BA2D-6B85F2265E6E"], "kv": 2400.0, "pq": [[738.873569023167, 2364.6756127157396], [-15850.959546893744, -69496.45607851524], [126.48182598538632, 2497.3061370573932]], "pv": [[738.873569023167, 2364.6756127157396], [2422.0119082649517, -608.0595363573915], [-41892.20483405007, -56080.68450136813]], "idx": 14}, "49": {"phases": [2, 3, 1, 2, 3, 1], "types": ["pv", "pv", "pv", "pq", "pq", "pq"], "mrid": ["_5169e860-30a6-405f-8b48-55940ba22167", "_0f8791b7-5506-4689-bc93-8fc596ee0613", "_4d331d64-9ed2-4489-a3a0-20ed53111934", "_3e3f2beb-d0dc-4873-b0a4-40c905564329", "_516f37d2-7fc4-4ff9-bda8-d04cad77b27a", "_3efecb60-7dfb-48d7-8878-2e8cdfe5fb57"], "control_mrid": ["_5DE43D9D-4878-4FCF-A216-C008465EF3FF", "_989B31F2-4B67-4419-AE23-126551BB2B3C", "_C48AFDED-58D0-4A09-B67D-B0737D8655A9"], "kv": 2400.0, "pq": [[734.9651941303721, 2365.9337491792626], [2424.8793629497277, -595.6663045990814], [-10004.449130520947, -31915.017854807666]], "pv": [[-20946.102417025035, -28040.342250684065], [2424.8793629497277, -595.6663045990814], [125.41013059393381, 2497.2643536834157]], "idx": 15}, "50": {"phases": [3, 3], "types": ["pv", "pq"], "mrid": ["_a04b4118-17f5-467b-9824-39c3df7990e8", "_aa8d6c71-ac3c-49af-a41f-77711c4c0667"], "control_mrid": ["_4206F5C2-BED9-40B9-8D19-FD9D25DCB910"], "kv": 2400.0, "pq": [[0.0, 0.0], [0.0, 0.0], [-15237.661663941713, 33828.77385512925]], "pv": [[0.0, 0.0], [0.0, 0.0], [107.77705890111764, 2497.8723045920506]], "idx": 5}, "51": {"phases": [1, 1], "types": ["pv", "pq"], "mrid": ["_7d3e62b3-74da-4707-92b0-79c1bbdb063c", "_ba4a0a4e-1466-45b5-93d8-8b79b7d7dde5"], "control_mrid": ["_08A6C5E7-F549-4CA4-84BA-6610922DF7DA"], "kv": 2400.0, "pq": [[726.2792838617985, 2368.287249329586], [0.0, 0.0], [0.0, 0.0]], "pv": [[-11969.201381157161, 16023.052714676609], [0.0, 0.0], [0.0, 0.0]], "idx": 6}}