{"1": {"phases": [1, 1], "types": ["pv", "pq"], "mrid": ["_390b062d-1d39-479c-b174-dbf604fca355", "_23804224-f556-45e0-91e3-9a66eef4892a"], "kv": 2400.0, "pq": [[-15308.413635184172, 33985.84870521409], [0.0, 0.0], [0.0, 0.0]], "pv": [[2407.875728055109, 728.9342895805524], [0.0, 0.0], [0.0, 0.0]], "idx": 3}, "10": {"phases": [1, 1], "types": ["pv", "pq"], "mrid": ["_665c94aa-a37b-4c46-b025-92023b3ddde1", "_623dbd97-8cb8-42f0-ae7d-abc84072cf7b"], "kv": 2400.0, "pq": [[1852.012381385903, 1678.8132269958144], [0.0, 0.0], [0.0, 0.0]], "pv": [[-11969.201381157161, -16023.052714676609], [0.0, 0.0], [0.0, 0.0]], "idx": 22}, "11": {"phases": [1, 1], "types": ["pv", "pq"], "mrid": ["_858ac5ed-a78d-4538-835d-948dc61edc3a", "_115f5b5f-d99e-4e14-a285-5ba77f7b718e"], "kv": 2400.0, "pq": [[-15209.55517038085, 33766.375314502635], [0.0, 0.0], [0.0, 0.0]], "pv": [[-23938.402762314323, -32046.105429353218], [0.0, 0.0], [0.0, 0.0]], "idx": 11}, "12": {"phases": [2, 2], "types": ["pv", "pq"], "mrid": ["_d585b259-cb10-4463-8b70-9bb8f7942d39", "_0c9114e1-ab4d-4fc1-b20f-a8e87676d3f7"], "kv": 2400.0, "pq": [[0.0, 0.0], [2240.2252434005413, -1142.6229725988198], [0.0, 0.0]], "pv": [[0.0, 0.0], [-11969.201381157161, -16023.052714676609], [0.0, 0.0]], "idx": 19}, "13": {"phases": [], "types": [], "mrid": [], "kv": 2400, "pq": [[0.0, 0.0], [0.0, 0.0], [0.0, 0.0]], "pv": [[0.0, 0.0], [0.0, 0.0], [0.0, 0.0]], "idx": 33}, "14": {"phases": [], "types": [], "mrid": [], "kv": 2400, "pq": [[0.0, 0.0], [0.0, 0.0], [0.0, 0.0]], "pv": [[0.0, 0.0], [0.0, 0.0], [0.0, 0.0]], "idx": 12}, "149": {"phases": [], "types": [], "mrid": [], "kv": 2400, "pq": [[0.0, 0.0], [0.0, 0.0], [0.0, 0.0]], "pv": [[0.0, 0.0], [0.0, 0.0], [0.0, 0.0]], "idx": 6}, "15": {"phases": [], "types": [], "mrid": [], "kv": 2400, "pq": [[0.0, 0.0], [0.0, 0.0], [0.0, 0.0]], "pv": [[0.0, 0.0], [0.0, 0.0], [0.0, 0.0]], "idx": 7}, "16": {"phases": [3, 3], "types": ["pv", "pq"], "mrid": ["_1469bc67-f5eb-4b19-846a-f1c8a03054bf", "_0e1fac4b-cc7e-4166-8bf8-4fe9352974e4"], "kv": 2400.0, "pq": [[0.0, 0.0], [0.0, 0.0], [636.1871166762761, 2424.811932155413]], "pv": [[0.0, 0.0], [0.0, 0.0], [636.1871166762761, 2424.811932155413]], "idx": 8}, "17": {"phases": [3, 3], "types": ["pv", "pq"], "mrid": ["_2891124a-b3a3-4177-acfc-a7dc60a686b5", "_4102027f-be0b-469d-899c-222bd5a51b2b"], "kv": 2400.0, "pq": [[0.0, 0.0], [0.0, 0.0], [662.8853741196465, 2417.8626786639493]], "pv": [[0.0, 0.0], [0.0, 0.0], [-11969.201381157161, -16023.052714676609]], "idx": 27}, "18": {"phases": [], "types": [], "mrid": [], "kv": 2400, "pq": [[48782.391639458234, 81079.57953774593], [-14220.808076674311, -106788.26789016403], [28793.011019307778, 9397.896782304631]], "pv": [[0.0, 0.0], [0.0, 0.0], [0.0, 0.0]], "idx": 4}, "19": {"phases": [1, 1], "types": ["pv", "pq"], "mrid": ["_a16e9872-a1ea-4e2b-becd-c00fed7049c4", "_388be557-8c78-4641-94f4-85273325591f"], "kv": 2400.0, "pq": [[-15111.444404054795, 33548.56191403238], [0.0, 0.0], [0.0, 0.0]], "pv": [[1125.574418095704, 2213.7001286181153], [0.0, 0.0], [0.0, 0.0]], "idx": 5}, "2": {"phases": [2, 2], "types": ["pv", "pq"], "mrid": ["_7379f61a-acf4-4c17-b0d6-d2770d2d13fe", "_13325707-e101-4677-b711-2144c9dc895c"], "kv": 2400.0, "pq": [[0.0, 0.0], [-7674.266721425043, 17037.45880026053], [0.0, 0.0]], "pv": [[0.0, 0.0], [-11969.201381157161, 16023.052714676609], [0.0, 0.0]], "idx": 36}, "20": {"phases": [1, 1], "types": ["pv", "pq"], "mrid": ["_a0bb567b-abf8-406a-8117-e4f3343ffa2c", "_2976f188-3262-4a69-971b-ec1b9a4986f8"], "kv": 2400.0, "pq": [[1084.6407039865844, 2233.684126933922], [0.0, 0.0], [0.0, 0.0]], "pv": [[1084.6407039865844, 2233.684126933922], [0.0, 0.0], [0.0, 0.0]], "idx": 14}, "21": {"phases": [], "types": [], "mrid": [], "kv": 2400, "pq": [[0.0, 0.0], [0.0, 0.0], [0.0, 0.0]], "pv": [[0.0, 0.0], [0.0, 0.0], [0.0, 0.0]], "idx": 10}, "22": {"phases": [2, 2], "types": ["pv", "pq"], "mrid": ["_48c77230-5bd0-42c5-bb81-41d2b4f7bf19", "_43cd251a-8b7e-4760-bff0-717cdc526257"], "kv": 2400.0, "pq": [[0.0, 0.0], [2359.710223512198, -837.6757693608315], [0.0, 0.0]], "pv": [[0.0, 0.0], [-23938.402762314323, -32046.105429353218], [0.0, 0.0]], "idx": 9}, "23": {"phases": [], "types": [], "mrid": [], "kv": 2400, "pq": [[0.0, 0.0], [0.0, 0.0], [0.0, 0.0]], "pv": [[0.0, 0.0], [0.0, 0.0], [0.0, 0.0]], "idx": 16}, "24": {"phases": [3, 3], "types": ["pv", "pq"], "mrid": ["_e0b36322-3dde-4390-bb81-d911074cc287", "_66ffb0bd-36ea-46ba-99aa-d0e494c51fa6"], "kv": 2400.0, "pq": [[0.0, 0.0], [0.0, 0.0], [161.8725710087728, 2499.2661424616067]], "pv": [[0.0, 0.0], [0.0, 0.0], [-23938.402762314323, -32046.105429353218]], "idx": 31}, "25": {"phases": [], "types": [], "mrid": [], "kv": 2402.0, "pq": [[0.0, 0.0], [0.0, 0.0], [0.0, 0.0]], "pv": [[0.0, 0.0], [0.0, 0.0], [0.0, 0.0]], "idx": 15}, "250": {"phases": [], "types": [], "mrid": [], "kv": 2400, "pq": [[0.0, 0.0], [0.0, 0.0], [0.0, 0.0]], "pv": [[0.0, 0.0], [0.0, 0.0], [0.0, 0.0]], "idx": 29}, "25r": {"phases": [], "types": [], "mrid": [], "kv": 2402.0, "pq": [[0.0, 0.0], [0.0, 0.0], [0.0, 0.0]], "pv": [[0.0, 0.0], [0.0, 0.0], [0.0, 0.0]], "idx": 32}, "26": {"phases": [], "types": [], "mrid": [], "kv": 2400, "pq": [[0.0, 0.0], [0.0, 0.0], [0.0, 0.0]], "pv": [[0.0, 0.0], [0.0, 0.0], [0.0, 0.0]], "idx": 18}, "27": {"phases": [], "types": [], "mrid": [], "kv": 2400, "pq": [[0.0, 0.0], [0.0, 0.0], [0.0, 0.0]], "pv": [[0.0, 0.0], [0.0, 0.0], [0.0, 0.0]], "idx": 34}, "28": {"phases": [1, 1], "types": ["pv", "pq"], "mrid": ["_100e2c4e-9400-4378-9bfb-0d9615a898b1", "_605d94b0-7609-4234-9d80-bdd12c1cbdf4"], "kv": 2400.0, "pq": [[-15094.809558375418, 33511.63137531297], [0.0, 0.0], [0.0, 0.0]], "pv": [[1098.5355272781362, 2224.193106018953], [0.0, 0.0], [0.0, 0.0]], "idx": 24}, "29": {"phases": [1, 1], "types": ["pv", "pq"], "mrid": ["_ab1767e1-cc6f-4174-b900-40a0a30cdeb5", "_6a94b4d9-a5c5-49cc-8e8a-a8df3cd46e15"], "kv": 2400.0, "pq": [[1091.2151240654666, 2227.3908777122665], [0.0, 0.0], [0.0, 0.0]], "pv": [[-23938.402762314323, -32046.105429353218], [0.0, 0.0], [0.0, 0.0]], "idx": 23}, "3": {"phases": [], "types": [], "mrid": [], "kv": 2400, "pq": [[0.0, 0.0], [0.0, 0.0], [0.0, 0.0]], "pv": [[0.0, 0.0], [0.0, 0.0], [0.0, 0.0]], "idx": 26}, "30": {"phases": [3, 3], "types": ["pv", "pq"], "mrid": ["_82936a71-f974-4a42-8490-ecad052d9534", "_08139082-c19c-4a64-ab55-3e534c4ea52d"], "kv": 2400.0, "pq": [[0.0, 0.0], [0.0, 0.0], [124.07077966543176, 2501.451599573969]], "pv": [[0.0, 0.0], [0.0, 0.0], [124.07077966543176, 2501.451599573969]], "idx": 28}, "31": {"phases": [3, 3], "types": ["pv", "pq"], "mrid": ["_1988c1b0-3f74-40e3-91bc-bb47e356f09f", "_7941a08c-46db-4665-94b5-177d137fba92"], "kv": 2400.0, "pq": [[0.0, 0.0], [0.0, 0.0], [132.82011523404418, 2501.0594525156316]], "pv": [[0.0, 0.0], [0.0, 0.0], [132.82011523404418, 2501.0594525156316]], "idx": 17}, "32": {"phases": [3, 3], "types": ["pv", "pq"], "mrid": ["_482f628e-257f-47a3-aeb6-8363023f893f", "_29407427-b6c1-4946-9029-a290c0c085a9"], "kv": 2400.0, "pq": [[0.0, 0.0], [0.0, 0.0], [-7619.638391652299, 16916.179782470554]], "pv": [[0.0, 0.0], [0.0, 0.0], [112.114818052835, 2501.919520509918]], "idx": 25}, "33": {"phases": [1, 1], "types": ["pv", "pq"], "mrid": ["_07e61a9c-6acd-4b68-b205-e2a0d06d6fe0", "_92ae3129-2a06-4a71-864b-7fa32da6971e"], "kv": 2400.0, "pq": [[1023.4152771111072, 2258.879018368299], [0.0, 0.0], [0.0, 0.0]], "pv": [[1023.4152771111072, 2258.879018368299], [0.0, 0.0], [0.0, 0.0]], "idx": 35}, "34": {"phases": [3, 3], "types": ["pv", "pq"], "mrid": ["_6ec8eb76-cae3-4c26-98c3-3bb0efeec978", "_772afec4-375d-414a-923c-16f92234494b"], "kv": 2400.0, "pq": [[0.0, 0.0], [0.0, 0.0], [706.0900342876461, 2405.948473407076]], "pv": [[0.0, 0.0], [0.0, 0.0], [706.0900342876461, 2405.948473407076]], "idx": 30}, "4": {"phases": [3, 3], "types": ["pv", "pq"], "mrid": ["_44ee6c4a-4240-4022-aa72-8a7ca1dba8b2", "_64529281-9c08-467b-b415-d27cc102aff5"], "kv": 2400.0,