{"152": {"phases": [], "types": [], "mrid": [], "control_mrid": [], "kv": 2400, "pq": [[0.0, 0.0], [0.0, 0.0], [0.0, 0.0]], "pv": [[0.0, 0.0], [0.0, 0.0], [0.0, 0.0]], "idx": 15}, "52": {"phases": [1, 1], "types": ["pv", "pq"], "mrid": ["_1d90239d-a49d-4a24-a43a-46d178283c4b", "_4b78c454-fd3b-480d-aaec-dc78717b7d0f"], "control_mrid": ["_1D34BF77-70BC-4627-8E16-CBF2797B105D"], "kv": 2400.0, "pq": [[1298.5740282803383, 2121.013228455047], [0.0, 0.0], [0.0, 0.0]], "pv": [[1298.5740282803383, 2121.013228455047], [0.0, 0.0], [0.0, 0.0]], "idx": 3}, "53": {"phases": [1, 1], "types": ["pv", "pq"], "mrid": ["_234b65bc-fd23-4c2d-8f97-4e20d3c6e9cd", "_1e35e544-6869-4326-b427-a232c13baeff"], "control_mrid": ["_01D1F5E5-0DCD-4DD1-88DA-14673F1B5355"], "kv": 2400.0, "pq": [[1135.0667531701915, 2209.725832646017], [0.0, 0.0], [0.0, 0.0]], "pv": [[1135.0667531701915, 2209.725832646017], [0.0, 0.0], [0.0, 0.0]], "idx": 2}, "54": {"phases": [], "types": [], "mrid": [], "control_mrid": [], "kv": 2400, "pq": [[0.0, 0.0], [0.0, 0.0], [0.0, 0.0]], "pv": [[0.0, 0.0], [0.0, 0.0], [0.0, 0.0]], "idx": 7}, "55": {"phases": [1, 1], "types": ["pv", "pq"], "mrid": ["_3861e378-cf84-4818-9b6f-e12d554e09dd", "_24360451-2ce3-4f29-b23a-4e642cdcb026"], "control_mrid": ["_E40CCEE2-2C60-49D5-9BC3-82C1DC8222CB"], "kv": 2400.0, "pq": [[-7565.086152024703, 16795.069601014126], [0.0, 0.0], [0.0, 0.0]], "pv": [[-11969.201381157161, -16023.052714676609], [0.0, 0.0], [0.0, 0.0]], "idx": 6}, "56": {"phases": [2, 2], "types": ["pv", "pq"], "mrid": ["_d539bdf5-026b-4b97-8c23-66ce8e0842fc", "_6700cea5-d344-4fb9-a0a0-fa9a5f362142"], "control_mrid": ["_2342A952-B339-449F-B0F6-127BF47F741F"], "kv": 2400.0, "pq": [[0.0, 0.0], [-7629.461950998792, 16937.988816924535], [0.0, 0.0]], "pv": [[0.0, 0.0], [2386.9472957007715, -755.5935653647153], [0.0, 0.0]], "idx": 14}, "57": {"phases": [], "types": [], "mrid": [], "control_mrid": [], "kv": 2400, "pq": [[0.0, 0.0], [0.0, 0.0], [0.0, 0.0]], "pv": [[0.0, 0.0], [0.0, 0.0], [0.0, 0.0]], "idx": 5}, "58": {"phases": [2, 2], "types": ["pv", "pq"], "mrid": ["_3eb013a0-9f63-4618-9239-c5256738a47e", "_205e1066-0dc6-4347-9459-8021a18572e4"], "control_mrid": ["_D5905B05-9AC3-49DF-BE27-135AFDC03486"], "kv": 2400.0, "pq": [[0.0, 0.0], [2448.4781450629016, -509.65663368656294], [0.0, 0.0]], "pv": [[0.0, 0.0], [2448.4781450629016, -509.65663368656294], [0.0, 0.0]], "idx": 11}, "59": {"phases": [2, 2], "types": ["pv", "pq"], "mrid": ["_41d891d0-4510-4b54-8630-a6d3803feae4", "_244808f5-eef2-44d9-90ba-f006d2b5d76f"], "control_mrid": ["_D0C67C41-7D02-4A5F-9555-921C9BA45F02"], "kv": 2400.0, "pq": [[0.0, 0.0], [2451.817946178826, -492.689507011834], [0.0, 0.0]], "pv": [[0.0, 0.0], [2451.817946178826, -492.689507011834], [0.0, 0.0]], "idx": 12}, "60": {"phases": [], "types": [], "mrid": [], "control_mrid": [], "kv": 2400, "pq": [[-156185.6612335872, 21892.622288604], [1235.4460524535896, -52085.8857897407], [32714.036043724234, -82146.05064703811]], "pv": [[0.0, 0.0], [0.0, 0.0], [0.0, 0.0]], "idx": 4}, "61": {"phases": [], "types": [], "mrid": [], "control_mrid": [], "kv": 2400, "pq": [[0.0, 0.0], [0.0, 0.0], [0.0, 0.0]], "pv": [[0.0, 0.0], [0.0, 0.0], [0.0, 0.0]], "idx": 8}, "62": {"phases": [3, 3], "types": ["pv", "pq"], "mrid": ["_68f2cb1f-5d4d-49a5-933e-7fcd7af02053", "_1117ef10-c6d3-438f-a7b1-6269feb68112"], "control_mrid": ["_2522B620-8C11-45F9-8FCD-0C1E7CC51525"], "kv": 2400.0, "pq": [[0.0, 0.0], [0.0, 0.0], [-684.8531802111992, 2392.0983060029416]], "pv": [[0.0, 0.0], [0.0, 0.0], [-684.8531802111992, 2392.0983060029416]], "idx": 13}, "63": {"phases": [1, 1], "types": ["pv", "pq"], "mrid": ["_a33ae74d-1b45-4bfc-9fd0-e09acf860f00", "_52cc5b75-6d79-4e32-9f18-f8eee8d3dade"], "control_mrid": ["_A46D13D7-E918-4D24-A2FE-A1E8B0EA75AD"], "kv": 2400.0, "pq": [[-15031.149313554062, 33370.30071648239], [0.0, 0.0], [0.0, 0.0]], "pv": [[-23938.402762314323, -32046.105429353218], [0.0, 0.0], [0.0, 0.0]], "idx": 0}, "64": {"phases": [2, 2], "types": ["pv", "pq"], "mrid": ["_20be3969-e729-45c8-b6bf-7cb0dbf05752", "_223e1e88-bf0b-4d5f-8083-97fecdc91b22"], "control_mrid": ["_20E09EA3-1F58-4B8D-BB54-1343E4D71CDF"], "kv": 2400.0, "pq": [[0.0, 0.0], [55093.037374976055, -40856.08796683441], [0.0, 0.0]], "pv": [[0.0, 0.0], [2495.427173662991, 100.85757860612782], [0.0, 0.0]], "idx": 1}, "65": {"phases": [3, 2, 1, 1, 2, 3], "types": ["pv", "pv", "pv", "pq", "pq", "pq"], "mrid": ["_40f544a4-5777-44cd-9d7a-2569c2152b3d", "_54392e4c-3a95-48e9-a0a5-21a2148c35f8", "_1825fd51-3ddf-4f2f-9d70-e4cb5edb4c86", "_979b2a71-18a8-4128-b35a-cad6fe7e18a2", "_8c0aa5f4-dad2-4ec9-8f6e-0d193d0bb66a", "_65b911ee-8a18-4435-9706-26adf9803c43"], "control_mrid": ["_504168C8-39C3-43B6-9D53-3A3DBC998A78", "_7046391E-E441-4E4F-8325-600D0043F336", "_A60ED694-A5F9-4C5C-B498-F603D407FB3E"], "kv": 2400.0, "pq": [[235.90374514507437, 2453.848197035431], [-7929.0434532022455, -34763.85259859362], [-1093.0122564850783, 2233.6759017760924]], "pv": [[-20946.102417025035, 28040.342250684065], [2495.265032471954, 123.03756382056017], [-41892.20483405007, -56080.68450136813]], "idx": 9}, "66": {"phases": [3, 3], "types": ["pv", "pq"], "mrid": ["_96e8743b-9191-4d0f-b777-0c94314de361", "_2dc8484f-7bb9-4c78-9e21-085f33afa18f"], "control_mrid": ["_3D955244-8C0B-460F-805E-5BFDA40A6A1C"], "kv": 2400.0, "pq": [[0.0, 0.0], [0.0, 0.0], [54855.97944581628, -40680.2896725887]], "pv": [[0.0, 0.0], [0.0, 0.0], [-44884.50517933936, -60086.44768003729]], "idx": 10}}