{"_c0e3f4de-e0ac-4f1d-91c2-3d0932b07cad": {"angle": -119.79177926761227, "magnitude": 2511.0106858050112, "measurement_mrid": "_c0e3f4de-e0ac-4f1d-91c2-3d0932b07cad"}}{"_c0e3f4de-e0ac-4f1d-91c2-3d0932b07cad": {"angle": -119.79177926761227, "magnitude": 2511.0106858050112, "measurement_mrid": "_c0e3f4de-e0ac-4f1d-91c2-3d0932b07cad"}}