{"_4d8d578f-bf3a-4865-bf42-a32bdc4caddc": {"angle": -89.91116927170064, "magnitude": 59200.35898908747, "measurement_mrid": "_4d8d578f-bf3a-4865-bf42-a32bdc4caddc"}}