{"_74148212-d769-413d-967e-6dfcccf410c5": {"angle": 118.98213612988401, "magnitude": 2453.8941908498687, "measurement_mrid": "_74148212-d769-413d-967e-6dfcccf410c5"}}{"_4d8d578f-bf3a-4865-bf42-a32bdc4caddc": {"angle": -3.03860661280222, "magnitude": 99335.65193098458, "measurement_mrid": "_4d8d578f-bf3a-4865-bf42-a32bdc4caddc"}}{"_faefaf52-e418-4279-b8e0-969394a8010e": {"angle": 34.49269637433119, "magnitude": 179617.88437495794, "measurement_mrid": "_faefaf52-e418-4279-b8e0-969394a8010e"}}{"_1ed02cee-57e5-4245-bd00-884666c7330e": {"angle": 28.27852179736678, "magnitude": 86728.23673285487, "measurement_mrid": "_1ed02cee-57e5-4245-bd00-884666c7330e"}}{"_12bdbded-072c-481c-a557-3a683b6504a8": {"angle": 27.243041646556016, "magnitude": 112161.57489704677, "measurement_mrid": "_12bdbded-072c-481c-a557-3a683b6504a8"}}{"_c18d96d8-bb0b-4b90-bd1b-fe746a53b75f": {"angle": -121.03147653869158, "magnitude": 2477.2212888796853, "measurement_mrid": "_c18d96d8-bb0b-4b90-bd1b-fe746a53b75f"}}