{"_1183c128-c13f-4394-95af-9f80090c093b": {"angle": -89.99999572173684, "magnitude": 26.784598000000074, "measurement_mrid": "_1183c128-c13f-4394-95af-9f80090c093b"}}