{"_902aa8c1-ddbd-4a36-8b11-d7ab82455582": {"angle": -119.1855827910868, "magnitude": 2485.939021056052, "measurement_mrid": "_902aa8c1-ddbd-4a36-8b11-d7ab82455582"}, "_c5e4959f-8a0e-454c-961a-3db26cd58e3c": {"angle": 1.6539933768032784, "magnitude": 2460.5951230654673, "measurement_mrid": "_c5e4959f-8a0e-454c-961a-3db26cd58e3c"}, "_3332f0bb-4464-48b8-8eb0-941473619be5": {"angle": 180.0, "magnitude": 40000.0, "measurement_mrid": "_3332f0bb-4464-48b8-8eb0-941473619be5"}, "_40b39331-4b94-480c-a697-cec63ec42759": {"angle": 180.0, "magnitude": 20000.0, "measurement_mrid": "_40b39331-4b94-480c-a697-cec63ec42759"}, "_135ebe7a-127c-4a43-87a9-2c6ae7cf22dc": {"angle": 27.126753116533795, "magnitude": 36841.279775037074, "measurement_mrid": "_135ebe7a-127c-4a43-87a9-2c6ae7cf22dc"}, "_f23c19f6-ae73-43bb-b68f-3232743e9e32": {"angle": 1.5620027045175913, "magnitude": 2461.4125877988795, "measurement_mrid": "_f23c19f6-ae73-43bb-b68f-3232743e9e32"}, "_e40db955-9274-4dd1-91b7-01b38e6537a7": {"angle": 27.12675311679011, "magnitude": 36421.531281864896, "measurement_mrid": "_e40db955-9274-4dd1-91b7-01b38e6537a7"}, "_899c514b-9d2f-4410-81ae-0249a081aec7": {"angle": -119.27196586331259, "magnitude": 2490.5763908383647, "measurement_mrid": "_899c514b-9d2f-4410-81ae-0249a081aec7"}, "_c4796f59-20ae-4a01-85ef-fe90ff38a55a": {"angle": 180.0, "magnitude": 70000.0, "measurement_mrid": "_c4796f59-20ae-4a01-85ef-fe90ff38a55a"}, "_8733931b-39ce-4a4a-b7cb-6faa1381b450": {"angle": 1.5971677544955263, "magnitude": 2459.9049647354727, "measurement_mrid": "_8733931b-39ce-4a4a-b7cb-6faa1381b450"}, "_550ec52d-a8a9-4a01-9a2f-817bddb7af69": {"angle": 1.6148779816090226, "magnitude": 2458.224862872761, "measurement_mrid": "_550ec52d-a8a9-4a01-9a2f-817bddb7af69"}, "_d1f57347-6356-4057-b962-247a24d62918": {"angle": 27.12675311799369, "magnitude": 18230.263231577996, "measurement_mrid": "_d1f57347-6356-4057-b962-247a24d62918"}, "_8915c7de-3049-4681-8ce6-0888b359276b": {"angle": 1.6672575257779174, "magnitude": 2459.1606824419728, "measurement_mrid": "_8915c7de-3049-4681-8ce6-0888b359276b"}, "_3f7f9831-ee40-4b67-adb6-220ecc994e55": {"angle": 1.570179043720936, "magnitude": 2461.9765993506708, "measurement_mrid": "_3f7f9831-ee40-4b67-adb6-220ecc994e55"}, "_1f08bb7b-829f-49af-b512-79766aaca58f": {"angle": 180.0, "magnitude": 20000.0, "measurement_mrid": "_1f08bb7b-829f-49af-b512-79766aaca58f"}, "_c8cb2b75-26cc-4733-8dae-902ed5a2c0c3": {"angle": 35.90406858339267, "magnitude": 70996.73784451217, "measurement_mrid": "_c8cb2b75-26cc-4733-8dae-902ed5a2c0c3"}, "_a4659700-0dde-4d95-9964-4f238cae263f": {"angle": 121.30777186365805, "magnitude": 2485.276899282925, "measurement_mrid": "_a4659700-0dde-4d95-9964-4f238cae263f"}, "_8a9104db-aca2-4e64-9147-54c6ab528d82": {"angle": 1.6148779816090226, "magnitude": 2458.224862872761, "measurement_mrid": "_8a9104db-aca2-4e64-9147-54c6ab528d82"}, "_6537899f-3390-4cfb-b6a7-bb674a2b2a53": {"angle": 121.36784694689541, "magnitude": 2483.634202584296, "measurement_mrid": "_6537899f-3390-4cfb-b6a7-bb674a2b2a53"}, "_1712ec9d-c2c4-49a6-ab6e-ad1f898b621f": {"angle": 27.126753117101067, "magnitude": 36830.039628032944, "measurement_mrid": "_1712ec9d-c2c4-49a6-ab6e-ad1f898b621f"}, "_f0c82eda-9214-4938-906a-90bbd57f2de0": {"angle": 180.0, "magnitude": 40000.0, "measurement_mrid": "_f0c82eda-9214-4938-906a-90bbd57f2de0"}, "_b8701e0d-cde6-4b52-ad26-3bed1486d705": {"angle": 1.6180624427691621, "magnitude": 2458.9069479400173, "measurement_mrid": "_b8701e0d-cde6-4b52-ad26-3bed1486d705"}, "_fb88df51-d8d2-4c00-98a5-55a38ad41556": {"angle": 27.126753115685037, "magnitude": 18416.81039973834, "measurement_mrid": "_fb88df51-d8d2-4c00-98a5-55a38ad41556"}, "_bbea2d6d-fc0c-4ddd-ae29-97ed97fc25c3": {"angle": 121.31197893379186, "magnitude": 2484.3610375518765, "measurement_mrid": "_bbea2d6d-fc0c-4ddd-ae29-97ed97fc25c3"}, "_2bce7b4b-0a0b-4894-b6f1-9356246d4962": {"angle": 27.12675311618157, "magnitude": 18399.000469483206, "measurement_mrid": "_2bce7b4b-0a0b-4894-b6f1-9356246d4962"}, "_3141aa28-7e5e-40bd-86c9-a863e63e54c4": {"angle": 180.0, "magnitude": 40000.0, "measurement_mrid": "_3141aa28-7e5e-40bd-86c9-a863e63e54c4"}, "_3e4dd486-2269-4952-9840-88601ef0e784": {"angle": 27.12675311741743, "magnitude": 36429.30340566471, "measurement_mrid": "_3e4dd486-2269-4952-9840-88601ef0e784"}, "_a0ef23db-bf38-4559-94bc-aa38470818cf": {"angle": 27.126753117320412, "magnitude": 36817.38907866697, "measurement_mrid": "_a0ef23db-bf38-4559-94bc-aa38470818cf"}, "_9f3f5a20-3ad9-4982-bd8f-ee5c161cc8c7": {"angle": 121.41686912713467, "magnitude": 2482.728411362947, "measurement_mrid": "_9f3f5a20-3ad9-4982-bd8f-ee5c161cc8c7"}, "_423221c2-72a5-4e19-b15f-1ddf5fa9d214": {"angle": 121.44370070389253, "magnitude": 2482.2593895779564, "measurement_mrid": "_423221c2-72a5-4e19-b15f-1ddf5fa9d214"}, "_eab50a2b-b8ae-4219-8f23-cb862bdea606": {"angle": 180.0, "magnitude": 40000.0, "measurement_mrid": "_eab50a2b-b8ae-4219-8f23-cb862bdea606"}, "_d84356ca-a115-4735-8f3e-e8e12a6bc194": {"angle": -119.28354204507141, "magnitude": 2490.6260302116216, "measurement_mrid": "_d84356ca-a115-4735-8f3e-e8e12a6bc194"}, "_c35751b4-aea6-4b4a-a313-2913b9aab6fe": {"angle": 27.12675311671714, "magnitude": 36808.76986835606, "measurement_mrid": "_c35751b4-aea6-4b4a-a313-2913b9aab6fe"}, "_20a976ea-9ef0-4bb7-b19d-704267c8bc06": {"angle": -119.24588231605097, "magnitude": 2488.655946652358, "measurement_mrid": "_20a976ea-9ef0-4bb7-b19d-704267c8bc06"}, "_392af799-7ab3-4db9-9111-314b8f01fe87": {"angle": 27.12675311668321, "magnitude": 36431.63719194239, "measurement_mrid": "_392af799-7ab3-4db9-9111-314b8f01fe87"}, "_ec812a6f-6835-4627-9f9d-3a03b0f18ed6": {"angle": 121.3452974825421, "magnitude": 2484.942780139476, "measurement_mrid": "_ec812a6f-6835-4627-9f9d-3a03b0f18ed6"}, "_a602073d-8550-4986-9310-5436feee517a": {"angle": -180.0, "magnitude": 40000.0, "measurement_mrid": "_a602073d-8550-4986-9310-5436feee517a"}, "_cf2dddb6-7777-4ec8-a3c5-496d9fec1a98": {"angle": 180.0, "magnitude": 40000.0, "measurement_mrid": "_cf2dddb6-7777-4ec8-a3c5-496d9fec1a98"}, "_dcb88b58-a603-4883-8dd3-ce04b2191246": {"angle": 180.0, "magnitude": 40000.0, "measurement_mrid": "_dcb88b58-a603-4883-8dd3-ce04b2191246"}, "_741fd304-8cd7-42a6-b509-fc62e6bca960": {"angle": 1.638089052016561, "magnitude": 2460.8567923586315, "measurement_mrid": "_741fd304-8cd7-42a6-b509-fc62e6bca960"}, "_409deb17-28d0-4c6d-83db-6335e7d5edaa": {"angle": 27.12675311789737, "magnitude": 18238.55886864099, "measurement_mrid": "_409deb17-28d0-4c6d-83db-6335e7d5edaa"}, "_a05287ee-8fdd-4bc5-a672-9f18728e8572": {"angle": 180.0, "magnitude": 20000.0, "measurement_mrid": "_a05287ee-8fdd-4bc5-a672-9f18728e8572"}, "_3664e91f-87a2-49c4-bded-f8e3f5e6fe7c": {"angle": 180.0, "magnitude": 40000.0, "measurement_mrid": "_3664e91f-87a2-49c4-bded-f8e3f5e6fe7c"}, "_2be6250b-937d-49df-b989-b7d6c3335cb1": {"angle": -119.19258800631019, "magnitude": 2486.555252615541, "measurement_mrid": "_2be6250b-937d-49df-b989-b7d6c3335cb1"}, "_0514e89e-e9b1-4eca-a682-a20c69f8fba0": {"angle": 1.6884782279039934, "magnitude": 2458.749432286368, "measurement_mrid": "_0514e89e-e9b1-4eca-a682-a20c69f8fba0"}, "_5d0d9dc9-31b8-4c1c-97e4-c0cef89cf28c": {"angle": 1.6672575257779174, "magnitude": 2459.1606824419728, "measurement_mrid": "_5d0d9dc9-31b8-4c1c-97e4-c0cef89cf28c"}, "_447c3b49-1191-42e8-b0c0-148eb6cf7200": {"angle": 27.12675311741419, "magnitude": 36467.404912405276, "measurement_mrid": "_447c3b49-1191-42e8-b0c0-148eb6cf7200"}, "_2fba525e-9327-4ce8-a2f8-7ca671ab7cf1": {"angle": 180.0, "magnitude": 40000.0, "measurement_mrid": "_2fba525e-9327-4ce8-a2f8-7ca671ab7cf1"}, "_df1b2e2f-2eaf-4f10-ac07-89d4b22eda75": {"angle": 180.0, "magnitude": 105000.0, "measurement_mrid": "_df1b2e2f-2eaf-4f10-ac07-89d4b22eda75"}, "_d9184bb8-6d6b-4822-89ce-ddc76422257e": {"angle": -180.0, "magnitude": 40000.0, "measurement_mrid": "_d9184bb8-6d6b-4822-89ce-ddc76422257e"}, "_a8de140c-9d4a-4b1b-b7be-5c9cbe696b57": {"angle": 27.12675311706777,