{"_78ed4e10-690f-4957-bbf7-ec9b54a5165d": {"angle": 35.904068583325376, "magnitude": 35305.71035555921, "measurement_mrid": "_78ed4e10-690f-4957-bbf7-ec9b54a5165d"}, "_5b65e236-a114-43b7-9a52-8665cbd45cc3": {"angle": 1.2139914413986894, "magnitude": 2479.493509116798, "measurement_mrid": "_5b65e236-a114-43b7-9a52-8665cbd45cc3"}, "_47c3a9c1-1c0f-4350-a96f-a1fd2f227c9c": {"angle": 1.1422449516536464, "magnitude": 2481.580941311901, "measurement_mrid": "_47c3a9c1-1c0f-4350-a96f-a1fd2f227c9c"}, "_affa3039-75e7-4482-994e-97bf2098d37a": {"angle": 35.90406858360866, "magnitude": 71164.3146780399, "measurement_mrid": "_affa3039-75e7-4482-994e-97bf2098d37a"}, "_eeb86d78-cf3f-4580-b7b9-b858b8f60b4e": {"angle": -119.68475385397912, "magnitude": 2501.045925313464, "measurement_mrid": "_eeb86d78-cf3f-4580-b7b9-b858b8f60b4e"}, "_9b8f733a-20ac-4520-9933-ccdd89a88999": {"angle": -119.6309588764142, "magnitude": 2497.4661051657868, "measurement_mrid": "_9b8f733a-20ac-4520-9933-ccdd89a88999"}, "_3b3051c9-7fec-4d0e-b7c2-97a33a0242df": {"angle": -180.0, "magnitude": 20000.0, "measurement_mrid": "_3b3051c9-7fec-4d0e-b7c2-97a33a0242df"}, "_2d81c0dd-f1a6-4c1a-9148-0d790f6c1149": {"angle": 180.0, "magnitude": 35000.0, "measurement_mrid": "_2d81c0dd-f1a6-4c1a-9148-0d790f6c1149"}, "_ef9d6b4f-a9d1-4093-9f59-f5e2aa1d706a": {"angle": 35.90406858385026, "magnitude": 35308.87756073167, "measurement_mrid": "_ef9d6b4f-a9d1-4093-9f59-f5e2aa1d706a"}, "_66d590c7-7efe-43d6-a0b4-99a8a5f290ef": {"angle": -119.62491898171392, "magnitude": 2497.2394829431805, "measurement_mrid": "_66d590c7-7efe-43d6-a0b4-99a8a5f290ef"}, "_632fb70b-c2a4-4d19-9ddb-446ecda7fa06": {"angle": 180.0, "magnitude": 35000.0, "measurement_mrid": "_632fb70b-c2a4-4d19-9ddb-446ecda7fa06"}, "_8b57c1b1-133b-44d5-bd95-c7900dc5afe6": {"angle": 1.2508595403404785, "magnitude": 2478.445410273227, "measurement_mrid": "_8b57c1b1-133b-44d5-bd95-c7900dc5afe6"}, "_6eb2fc04-b42b-4d3a-a5d5-bc55dfef4112": {"angle": 35.90406858322218, "magnitude": 71170.10902707507, "measurement_mrid": "_6eb2fc04-b42b-4d3a-a5d5-bc55dfef4112"}, "_169f1f6c-111d-413b-a2f8-44d096b36bea": {"angle": 180.0, "magnitude": 40000.0, "measurement_mrid": "_169f1f6c-111d-413b-a2f8-44d096b36bea"}, "_4d331d64-9ed2-4489-a3a0-20ed53111934": {"angle": 180.0, "magnitude": 35000.0, "measurement_mrid": "_4d331d64-9ed2-4489-a3a0-20ed53111934"}, "_3b9e26d3-171e-41d6-8223-e3c03159a4a6": {"angle": 180.0, "magnitude": 35000.0, "measurement_mrid": "_3b9e26d3-171e-41d6-8223-e3c03159a4a6"}, "_f583109d-ed87-4b78-89e1-d2f0b96dedec": {"angle": 1.1792017069262466, "magnitude": 2480.9148139427466, "measurement_mrid": "_f583109d-ed87-4b78-89e1-d2f0b96dedec"}, "_2f80ab8b-aa39-4ec9-a006-09d23457bbeb": {"angle": 180.0, "magnitude": 20000.0, "measurement_mrid": "_2f80ab8b-aa39-4ec9-a006-09d23457bbeb"}, "_1af10133-edd9-4c77-8759-547c5c62f183": {"angle": 1.1792017069262466, "magnitude": 2480.9148139427466, "measurement_mrid": "_1af10133-edd9-4c77-8759-547c5c62f183"}, "_d0fa5f5c-6bd6-41d0-bca4-8c524e6d35e0": {"angle": 120.85602021054964, "magnitude": 2503.473257005551, "measurement_mrid": "_d0fa5f5c-6bd6-41d0-bca4-8c524e6d35e0"}, "_e13bd8a3-0bb6-47a3-8a0d-28cbb07091c2": {"angle": 180.0, "magnitude": 40000.0, "measurement_mrid": "_e13bd8a3-0bb6-47a3-8a0d-28cbb07091c2"}, "_754d6e99-235a-4aa1-8cd7-77cc4dd7a975": {"angle": 1.2705174242141228, "magnitude": 2477.597172434333, "measurement_mrid": "_754d6e99-235a-4aa1-8cd7-77cc4dd7a975"}, "_fba06f19-99a6-4146-ba3c-3b7b17e33b88": {"angle": 1.2139914413986894, "magnitude": 2479.493509116798, "measurement_mrid": "_fba06f19-99a6-4146-ba3c-3b7b17e33b88"}, "_9cc6f2fd-41c2-4856-a04a-5a4e6e421a76": {"angle": 1.259369990328554, "magnitude": 2478.2983344642985, "measurement_mrid": "_9cc6f2fd-41c2-4856-a04a-5a4e6e421a76"}, "_9719222f-82ab-419d-b072-2af87ac06f84": {"angle": 180.0, "magnitude": 40000.0, "measurement_mrid": "_9719222f-82ab-419d-b072-2af87ac06f84"}, "_9e174a3d-d517-49c8-9296-0c65ac4bb0cb": {"angle": 120.90207547276695, "magnitude": 2500.636435561041, "measurement_mrid": "_9e174a3d-d517-49c8-9296-0c65ac4bb0cb"}, "_b179a6e3-6f3b-46ce-a6b3-369dcf74b229": {"angle": 180.0, "magnitude": 35000.0, "measurement_mrid": "_b179a6e3-6f3b-46ce-a6b3-369dcf74b229"}, "_dbdc3903-1fe3-4d2d-b458-e17819816d96": {"angle": 35.90406858338248, "magnitude": 35637.394186449164, "measurement_mrid": "_dbdc3903-1fe3-4d2d-b458-e17819816d96"}, "_3e3f2beb-d0dc-4873-b0a4-40c905564329": {"angle": -119.61982286935566, "magnitude": 2497.0361686885994, "measurement_mrid": "_3e3f2beb-d0dc-4873-b0a4-40c905564329"}, "_a4168162-90b7-4563-9555-e2cfa5b6cef8": {"angle": 27.1267531160448, "magnitude": 18359.47184586563, "measurement_mrid": "_a4168162-90b7-4563-9555-e2cfa5b6cef8"}, "_13fa1c2b-c17c-49aa-abec-4f44a04037b3": {"angle": 120.85602021054964, "magnitude": 2503.473257005551, "measurement_mrid": "_13fa1c2b-c17c-49aa-abec-4f44a04037b3"}, "_b6f7e9b0-0e0e-4f06-a215-ee39ed8d8e40": {"angle": 120.90958968196551, "magnitude": 2500.3270327258792, "measurement_mrid": "_b6f7e9b0-0e0e-4f06-a215-ee39ed8d8e40"}, "_930b2e40-badb-4e82-8c10-736e8335e2c8": {"angle": -119.67575602771828, "magnitude": 2500.880632752994, "measurement_mrid": "_930b2e40-badb-4e82-8c10-736e8335e2c8"}, "_b13b3c49-d9b4-4ade-8bd5-ddf19b72a923": {"angle": -180.0, "magnitude": 70000.0, "measurement_mrid": "_b13b3c49-d9b4-4ade-8bd5-ddf19b72a923"}, "_3efecb60-7dfb-48d7-8878-2e8cdfe5fb57": {"angle": 1.2721731177862259, "magnitude": 2477.635761468269, "measurement_mrid": "_3efecb60-7dfb-48d7-8878-2e8cdfe5fb57"}, "_93a8c324-5e40-4c39-a160-303e7a697509": {"angle": 1.2645716229317028, "magnitude": 2477.8580244367554, "measurement_mrid": "_93a8c324-5e40-4c39-a160-303e7a697509"}, "_e111109c-5818-4171-88cf-f93e6e865a6f": {"angle": 1.2758245478911734, "magnitude": 2477.323421694314, "measurement_mrid": "_e111109c-5818-4171-88cf-f93e6e865a6f"}, "_c556b66d-6e17-4945-a2f8-1982aacb96fa": {"angle": 180.0, "magnitude": 20000.0, "measurement_mrid": "_c556b66d-6e17-4945-a2f8-1982aacb96fa"}, "_6a21eca2-62b8-4b3e-a9d8-4b521a106251": {"angle": -119.68475385397912, "magnitude": 2501.045925313464, "measurement_mrid": "_6a21eca2-62b8-4b3e-a9d8-4b521a106251"}, "_040e3a17-f115-4081-8fcf-b427db015a71": {"angle": 180.0, "magnitude": 20000.0, "measurement_mrid": "_040e3a17-f115-4081-8fcf-b427db015a71"}}