{"_2e5c3b26-3dc4-45bb-9bce-2ada57b076e8": {"angle": -119.33841997112575, "magnitude": 2497.56914660364, "measurement_mrid": "_2e5c3b26-3dc4-45bb-9bce-2ada57b076e8"}, "_52cc5b75-6d79-4e32-9f18-f8eee8d3dade": {"angle": 27.126753117155474, "magnitude": 36544.370770747795, "measurement_mrid": "_52cc5b75-6d79-4e32-9f18-f8eee8d3dade"}, "_db8a56a4-581a-41a2-9167-fa3b420d98bc": {"angle": 1.1466126214334331, "magnitude": 2482.7183393296937, "measurement_mrid": "_db8a56a4-581a-41a2-9167-fa3b420d98bc"}, "_7c0b5b0c-b8e2-4678-a299-cc6848359576": {"angle": 180.0, "magnitude": 20000.0, "measurement_mrid": "_7c0b5b0c-b8e2-4678-a299-cc6848359576"}, "_ba369130-9709-4ab2-8633-25e128ce0ebe": {"angle": 1.4692304434588905, "magnitude": 2466.5157570943497, "measurement_mrid": "_ba369130-9709-4ab2-8633-25e128ce0ebe"}, "_8c0aa5f4-dad2-4ec9-8f6e-0d193d0bb66a": {"angle": 35.90406858355836, "magnitude": 35601.618856898625, "measurement_mrid": "_8c0aa5f4-dad2-4ec9-8f6e-0d193d0bb66a"}, "_acec4643-cf20-48a4-8c09-3c6e41210268": {"angle": -180.0, "magnitude": 75000.0, "measurement_mrid": "_acec4643-cf20-48a4-8c09-3c6e41210268"}, "_70d103ab-5ff4-4530-a19c-f3cfbf59eef5": {"angle": 27.126753116985004, "magnitude": 36868.24392012946, "measurement_mrid": "_70d103ab-5ff4-4530-a19c-f3cfbf59eef5"}, "_8f39b633-9c4e-4c22-a959-e63879a649e6": {"angle": 27.126753117941306, "magnitude": 18527.861305728533, "measurement_mrid": "_8f39b633-9c4e-4c22-a959-e63879a649e6"}, "_7d19f129-7bda-404c-951b-856eac29c239": {"angle": 27.12675311755819, "magnitude": 36849.44355065545, "measurement_mrid": "_7d19f129-7bda-404c-951b-856eac29c239"}, "_f7eb833e-7cc7-4f47-ab75-91264e3df74c": {"angle": -119.3296158478964, "magnitude": 2498.4016221966585, "measurement_mrid": "_f7eb833e-7cc7-4f47-ab75-91264e3df74c"}, "_a5afc2a1-2883-449e-b245-8193b3a5eba9": {"angle": 121.43854018609947, "magnitude": 2486.91575399939, "measurement_mrid": "_a5afc2a1-2883-449e-b245-8193b3a5eba9"}, "_95da4cce-62ae-4e17-81c1-ebcf8382083b": {"angle": 180.0, "magnitude": 40000.0, "measurement_mrid": "_95da4cce-62ae-4e17-81c1-ebcf8382083b"}, "_6700cea5-d344-4fb9-a0a0-fa9a5f362142": {"angle": 27.126753118404697, "magnitude": 18547.948239513367, "measurement_mrid": "_6700cea5-d344-4fb9-a0a0-fa9a5f362142"}, "_a662e38d-1825-4beb-a081-f496bfe67941": {"angle": -119.68567531400821, "magnitude": 2503.74028321761, "measurement_mrid": "_a662e38d-1825-4beb-a081-f496bfe67941"}, "_979b2a71-18a8-4128-b35a-cad6fe7e18a2": {"angle": 1.4781950065099148, "magnitude": 2465.366290618771, "measurement_mrid": "_979b2a71-18a8-4128-b35a-cad6fe7e18a2"}, "_7a60ce21-1bf4-4634-920f-0b1432b1059e": {"angle": 180.0, "magnitude": 20000.0, "measurement_mrid": "_7a60ce21-1bf4-4634-920f-0b1432b1059e"}, "_2dc8484f-7bb9-4c78-9e21-085f33afa18f": {"angle": 24.494648471135857, "magnitude": 68191.14269654939, "measurement_mrid": "_2dc8484f-7bb9-4c78-9e21-085f33afa18f"}, "_3cea4d59-dee5-40b9-b134-d1f7d11a577e": {"angle": 27.126753116866247, "magnitude": 36808.68464368603, "measurement_mrid": "_3cea4d59-dee5-40b9-b134-d1f7d11a577e"}, "_cdb31fc3-5b3d-42d5-a4c7-cce6678e1649": {"angle": 1.4692304434588905, "magnitude": 2466.5157570943497, "measurement_mrid": "_cdb31fc3-5b3d-42d5-a4c7-cce6678e1649"}, "_244808f5-eef2-44d9-90ba-f006d2b5d76f": {"angle": -119.57725546607607, "magnitude": 2500.9016466986577, "measurement_mrid": "_244808f5-eef2-44d9-90ba-f006d2b5d76f"}, "_24360451-2ce3-4f29-b23a-4e642cdcb026": {"angle": 27.126753116227235, "magnitude": 18392.215664996398, "measurement_mrid": "_24360451-2ce3-4f29-b23a-4e642cdcb026"}, "_65b911ee-8a18-4435-9706-26adf9803c43": {"angle": 121.4084765447156, "magnitude": 2486.9548849443854, "measurement_mrid": "_65b911ee-8a18-4435-9706-26adf9803c43"}, "_d4374147-41b1-498a-943e-eed02f444d65": {"angle": -180.0, "magnitude": 35000.0, "measurement_mrid": "_d4374147-41b1-498a-943e-eed02f444d65"}, "_1117ef10-c6d3-438f-a7b1-6269feb68112": {"angle": 121.2322500144218, "magnitude": 2488.375163614554, "measurement_mrid": "_1117ef10-c6d3-438f-a7b1-6269feb68112"}, "_68f2cb1f-5d4d-49a5-933e-7fcd7af02053": {"angle": 121.2322500144218, "magnitude": 2488.375163614554, "measurement_mrid": "_68f2cb1f-5d4d-49a5-933e-7fcd7af02053"}}