{"_42f66651-ac89-4565-9127-7e2cc39d52df": {"angle": -119.19121003412518, "magnitude": 2486.038319953644, "measurement_mrid": "_42f66651-ac89-4565-9127-7e2cc39d52df"}, "_5e719bd6-ca89-4b3d-b22c-85618b57ddd4": {"angle": 27.126753116316955, "magnitude": 36456.64952215995, "measurement_mrid": "_5e719bd6-ca89-4b3d-b22c-85618b57ddd4"}, "_82f97093-6d02-4116-9c86-83fedb6a6b24": {"angle": 1.570179043720936, "magnitude": 2461.9765993506708, "measurement_mrid": "_82f97093-6d02-4116-9c86-83fedb6a6b24"}, "_1c2b4c3b-7c9e-421c-a78b-10c7fed10000": {"angle": 27.126753117170953, "magnitude": 36934.24024715699, "measurement_mrid": "_1c2b4c3b-7c9e-421c-a78b-10c7fed10000"}, "_38244f6f-f5c0-48ea-923c-144296e085c0": {"angle": -119.19121003412518, "magnitude": 2486.038319953644, "measurement_mrid": "_38244f6f-f5c0-48ea-923c-144296e085c0"}, "_45ad6a1d-736f-4f00-90a3-0da8c92caaa6": {"angle": 27.126753116946357, "magnitude": 36807.1104437124, "measurement_mrid": "_45ad6a1d-736f-4f00-90a3-0da8c92caaa6"}, "_3275e96f-113c-44d4-ab68-f1db7b04b236": {"angle": 121.41686912713467, "magnitude": 2482.728411362947, "measurement_mrid": "_3275e96f-113c-44d4-ab68-f1db7b04b236"}, "_4a2d1f86-310c-40da-98bb-fa29f7bdda14": {"angle": 27.12675311765005, "magnitude": 18416.074786578785, "measurement_mrid": "_4a2d1f86-310c-40da-98bb-fa29f7bdda14"}, "_53e1ea1c-f80e-4397-b62a-d7171d0bfc1e": {"angle": -119.21912712071456, "magnitude": 2487.2904736657333, "measurement_mrid": "_53e1ea1c-f80e-4397-b62a-d7171d0bfc1e"}, "_4b25ee84-b630-4921-b1c5-4efc4184f03b": {"angle": 121.2977153936448, "magnitude": 2485.7966128672083, "measurement_mrid": "_4b25ee84-b630-4921-b1c5-4efc4184f03b"}, "_4ec29499-a45f-430e-a8d1-c88718addf4e": {"angle": -119.24588231605097, "magnitude": 2488.655946652358, "measurement_mrid": "_4ec29499-a45f-430e-a8d1-c88718addf4e"}, "_3da89398-5f62-43e4-97ee-a4a57393ce4d": {"angle": 121.31197893379186, "magnitude": 2484.3610375518765, "measurement_mrid": "_3da89398-5f62-43e4-97ee-a4a57393ce4d"}, "_26269bb3-a463-4ee0-b8b8-e7fa12b423de": {"angle": -119.28354204507141, "magnitude": 2490.6260302116216, "measurement_mrid": "_26269bb3-a463-4ee0-b8b8-e7fa12b423de"}, "_bb3a2d3d-7db6-420f-bb56-b22e3ad0b369": {"angle": 27.12675311691293, "magnitude": 36901.59319538649, "measurement_mrid": "_bb3a2d3d-7db6-420f-bb56-b22e3ad0b369"}, "_6141c7ae-d910-4e9d-ae35-e6fbe9355b35": {"angle": 180.0, "magnitude": 20000.0, "measurement_mrid": "_6141c7ae-d910-4e9d-ae35-e6fbe9355b35"}, "_5b5a2750-7998-4213-8337-df46657edaf7": {"angle": 121.40730908998906, "magnitude": 2483.8530592556367, "measurement_mrid": "_5b5a2750-7998-4213-8337-df46657edaf7"}, "_abe5e467-9a37-4351-bda3-4b727b37bffb": {"angle": 27.126753117257298, "magnitude": 36852.17295617428, "measurement_mrid": "_abe5e467-9a37-4351-bda3-4b727b37bffb"}, "_1114738f-ebd1-4209-90d2-a2230c2a673b": {"angle": 180.0, "magnitude": 40000.0, "measurement_mrid": "_1114738f-ebd1-4209-90d2-a2230c2a673b"}, "_e97a9bae-25e0-4989-b398-834785aa18d8": {"angle": 1.6099049628004387, "magnitude": 2461.3210444482365, "measurement_mrid": "_e97a9bae-25e0-4989-b398-834785aa18d8"}, "_927149e9-5a6d-4280-b91e-61033a7bbcd2": {"angle": 180.0, "magnitude": 20000.0, "measurement_mrid": "_927149e9-5a6d-4280-b91e-61033a7bbcd2"}, "_dc1fb836-4e51-47a8-8349-169bbb235d2a": {"angle": 180.0, "magnitude": 40000.0, "measurement_mrid": "_dc1fb836-4e51-47a8-8349-169bbb235d2a"}, "_8aeb9f63-6d84-4d31-92ed-44d1dee5b99a": {"angle": -180.0, "magnitude": 40000.0, "measurement_mrid": "_8aeb9f63-6d84-4d31-92ed-44d1dee5b99a"}, "_6addbdf9-5b5f-4e4b-994c-8ad481c8e4e4": {"angle": -119.1855827910868, "magnitude": 2485.939021056052, "measurement_mrid": "_6addbdf9-5b5f-4e4b-994c-8ad481c8e4e4"}, "_4a2bfefa-25c8-4dcb-b2f4-18a57090c7df": {"angle": 121.2977153936448, "magnitude": 2485.7966128672083, "measurement_mrid": "_4a2bfefa-25c8-4dcb-b2f4-18a57090c7df"}, "_19aacf4c-4936-450c-9943-4e1775d7406b": {"angle": -180.0, "magnitude": 40000.0, "measurement_mrid": "_19aacf4c-4936-450c-9943-4e1775d7406b"}, "_a07ce5db-1e40-472d-8e5a-3f40fb4265c4": {"angle": 180.0, "magnitude": 20000.0, "measurement_mrid": "_a07ce5db-1e40-472d-8e5a-3f40fb4265c4"}, "_678d898d-3a97-4f25-b7cb-e2f8bea70f76": {"angle": 27.126753118125777, "magnitude": 18392.290279915367, "measurement_mrid": "_678d898d-3a97-4f25-b7cb-e2f8bea70f76"}, "_1d2df9a0-7fab-4170-9f49-2ce09617e2f4": {"angle": 1.6180624427691621, "magnitude": 2458.9069479400173, "measurement_mrid": "_1d2df9a0-7fab-4170-9f49-2ce09617e2f4"}, "_7237135d-5b3a-4769-b3db-06f0e5f9dd86": {"angle": -119.2980870083515, "magnitude": 2491.15617948448, "measurement_mrid": "_7237135d-5b3a-4769-b3db-06f0e5f9dd86"}, "_0748815c-e153-42db-81e7-f06e33d388c8": {"angle": 121.3452974825421, "magnitude": 2484.942780139476, "measurement_mrid": "_0748815c-e153-42db-81e7-f06e33d388c8"}, "_2dcc19cd-e2f4-494f-8104-ed60be13ca95": {"angle": 35.90406858334384, "magnitude": 70829.18122965349, "measurement_mrid": "_2dcc19cd-e2f4-494f-8104-ed60be13ca95"}, "_12847de1-917b-48ad-ab79-7d4f6fabd344": {"angle": 121.30777186365805, "magnitude": 2485.276899282925, "measurement_mrid": "_12847de1-917b-48ad-ab79-7d4f6fabd344"}, "_2259f480-95eb-428a-a951-b4460f8c1a6c": {"angle": 180.0, "magnitude": 40000.0, "measurement_mrid": "_2259f480-95eb-428a-a951-b4460f8c1a6c"}, "_8fe19eef-c655-4167-b325-a3646c830a40": {"angle": 121.36784694689541, "magnitude": 2483.634202584296, "measurement_mrid": "_8fe19eef-c655-4167-b325-a3646c830a40"}, "_74862a10-8203-4dee-9586-fb2e87d667f0": {"angle": 180.0, "magnitude": 70000.0, "measurement_mrid": "_74862a10-8203-4dee-9586-fb2e87d667f0"}, "_2fc3948e-efc2-410e-9a54-7449a62f936a": {"angle": 1.6884782279039934, "magnitude": 2458.749432286368, "measurement_mrid": "_2fc3948e-efc2-410e-9a54-7449a62f936a"}, "_4067d868-5089-45d2-a511-e5273423675d": {"angle": 180.0, "magnitude": 40000.0, "measurement_mrid": "_4067d868-5089-45d2-a511-e5273423675d"}, "_6ff19187-4645-4c54-bee5-76f9c2aa37ff": {"angle": -119.2980870083515, "magnitude": 2491.15617948448, "measurement_mrid": "_6ff19187-4645-4c54-bee5-76f9c2aa37ff"}, "_081d4dbb-2815-425b-ade4-a7509b39e6be": {"measurement_mrid": "_081d4dbb-2815-425b-ade4-a7509b39e6be", "value": 0}, "_45acb77d-0910-4671-aac0-4e0ee2157cab": {"angle": 121.38475207846473, "magnitude": 2484.249036744047, "measurement_mrid": "_45acb77d-0910-4671-aac0-4e0ee2157cab"}, "_678a087f-9347-428a-b625-b7b9bc01570b": {"angle": -119.27196586331259, "magnitude": 2490.5763908383647, "measurement_mrid": "_678a087f-9347-428a-b625-b7b9bc01570b"}, "_00770e67-dacd-4d4d-99cd-d89f7d36a9b7": {"angle": 180.0, "magnitude": 40000.0, "measurement_mrid": "_00770e67-dacd-4d4d-99cd-d89f7d36a9b7"}, "_1ca7475e-dc5f-4832-bf3c-5e3b95f45d3a": {"angle": 27.12675311801088, "magnitude": 36777.63144743334, "measurement_mrid": "_1ca7475e-dc5f-4832-bf3c-5e3b95f45d3a"}, "_ced3dbcd-60fe-4ae0-8515-631e4952e3a3": {"angle": 180.0, "magnitude": 20000.0, "measurement_mrid": "_ced3dbcd-60fe-4ae0-8515-631e4952e3a3"}, "_e38b2801-4f88-492a-9fe5-8c5ca22d9103": {"measurement_mrid": "_e38b2801-4f88-492a-9fe5-8c5ca22d9103", "value": 0}, "_0907ec20-2d2b-452c-9b13-18dd32c766a7": {"angle": -119.21912712071456, "magnitude": 2487.2904736657333, "measurement_mrid": "_0907ec20-2d2b-452c-9b13-18dd32c766a7"}, "_4b60bfc8-c57f-47e3-8934-7be527957fed": {"angle": 180.0, "magnitude": 40000.0, "measurement_mrid": "_4b60bfc8-c57f-47e3-8934-7be527957fed"}, "_2a84379c-07b9-415e-b2da-32a2620eb793": {"angle": 27.126753117492136, "magnitude": 36468.761229284624, "measurement_mrid": "_2a84379c-07b9-415e-b2da-32a2620eb793"}, "_8c724549-475e-4231-95bb-965f6d2a0dde": {"angle": -119.19258800631019, "magnitude": 2486.555252615541, "measurement_mrid": "_8c724549-475e-4231-95bb-965f6d2a0dde"}, "_902aa8c1-ddbd-4a36-8b11-d7ab82455582": {"angle": -119.1855827910868, "magnitude": 2485.939021056052, "measurement_mrid": "_902aa8c1-ddbd-4a36-8b11-d7ab82455582"}, "_c5e4959f-8a0e-454c-961a-3db26cd58e3c": {"angle": 1.6539933768032784, "magnitude": 2460.5951230654673,