{"_cdfe34b0-1d8b-4ae8-9429-fc537f881296": {"angle": -1.8310969534669896, "magnitude": 2411.1865679022767, "measurement_mrid": "_cdfe34b0-1d8b-4ae8-9429-fc537f881296"}, "_0ba2cea5-fa41-4b37-85e3-b7894f598c84": {"angle": -120.96687931171516, "magnitude": 2482.6879738622133, "measurement_mrid": "_0ba2cea5-fa41-4b37-85e3-b7894f598c84"}, "_ba47f4d1-b828-4867-ac96-5205bdf9b2d7": {"angle": 35.90406858390225, "magnitude": 28871.517629843078, "measurement_mrid": "_ba47f4d1-b828-4867-ac96-5205bdf9b2d7"}, "_a0f2d4c7-2778-483e-9f8d-d4715e55d1a3": {"angle": 27.12675311648096, "magnitude": 15013.423730230623, "measurement_mrid": "_a0f2d4c7-2778-483e-9f8d-d4715e55d1a3"}, "_d2c5318d-bb0d-4140-a6fa-e9ed36158cf4": {"angle": -120.97212639537098, "magnitude": 2481.9991885396294, "measurement_mrid": "_d2c5318d-bb0d-4140-a6fa-e9ed36158cf4"}, "_fc21c7a0-1374-419a-9ac5-b818eea71412": {"angle": 29.54136049986893, "magnitude": 27380.31137808675, "measurement_mrid": "_fc21c7a0-1374-419a-9ac5-b818eea71412"}, "_bacb3736-df70-43bb-9ad0-db6127244e90": {"angle": 27.12675311746919, "magnitude": 15213.961960700715, "measurement_mrid": "_bacb3736-df70-43bb-9ad0-db6127244e90"}, "_c71e3e13-edf1-45e3-9f09-e3eb74d31f4b": {"angle": -1.7976797059695995, "magnitude": 2414.614358932879, "measurement_mrid": "_c71e3e13-edf1-45e3-9f09-e3eb74d31f4b"}, "_d07152ec-20e4-406c-9c77-d0faecb215ea": {"angle": -1.8238347137855022, "magnitude": 2412.007531676564, "measurement_mrid": "_d07152ec-20e4-406c-9c77-d0faecb215ea"}, "_d4a20fc2-ceb5-466c-b7e3-bab0f176ae71": {"angle": -121.00726011990845, "magnitude": 2478.7632419101456, "measurement_mrid": "_d4a20fc2-ceb5-466c-b7e3-bab0f176ae71"}, "_92be8aa8-2126-45c9-b201-099263a43c5f": {"angle": -1.8288200333870324, "magnitude": 2411.371727361942, "measurement_mrid": "_92be8aa8-2126-45c9-b201-099263a43c5f"}, "_0595a337-e47b-4446-9124-56c43a0a03ed": {"angle": -121.033781033814, "magnitude": 2477.5686547829932, "measurement_mrid": "_0595a337-e47b-4446-9124-56c43a0a03ed"}, "_70c9bfd7-2023-48dc-ae3e-771ce165f698": {"angle": 27.126753117779398, "magnitude": 30094.700940585444, "measurement_mrid": "_70c9bfd7-2023-48dc-ae3e-771ce165f698"}, "_d01e425a-e51f-4af2-96ad-ed4ed5132a10": {"angle": 119.08083083661249, "magnitude": 2439.3893054857444, "measurement_mrid": "_d01e425a-e51f-4af2-96ad-ed4ed5132a10"}, "_cdc3b124-c300-4fc9-95ff-495cdcb756eb": {"angle": 27.12675311704205, "magnitude": 30129.328017915046, "measurement_mrid": "_cdc3b124-c300-4fc9-95ff-495cdcb756eb"}, "_4ef7f517-ff35-43d5-bca8-10cad75365ae": {"angle": -1.8357064823461198, "magnitude": 2410.755359800222, "measurement_mrid": "_4ef7f517-ff35-43d5-bca8-10cad75365ae"}, "_80fd5e93-4f6c-45ea-9b78-577236a362e1": {"angle": 35.904068583660326, "magnitude": 29677.01136926448, "measurement_mrid": "_80fd5e93-4f6c-45ea-9b78-577236a362e1"}, "_39ed7d95-a7dd-4492-805a-9beb4f2aac61": {"angle": 35.904068582995606, "magnitude": 58432.30682815764, "measurement_mrid": "_39ed7d95-a7dd-4492-805a-9beb4f2aac61"}, "_7a985d52-0712-4166-ab21-e1c6ce8f556a": {"angle": 119.09094083857525, "magnitude": 2439.5325363327784, "measurement_mrid": "_7a985d52-0712-4166-ab21-e1c6ce8f556a"}, "_1db7ad14-5ba1-4b13-a570-c27ea3a957ad": {"angle": -1.836394921515496, "magnitude": 2410.7352125292323, "measurement_mrid": "_1db7ad14-5ba1-4b13-a570-c27ea3a957ad"}, "_55ee8ffe-d779-4320-869a-279ddf838483": {"angle": -1.774217942031648, "magnitude": 2416.8208487612746, "measurement_mrid": "_55ee8ffe-d779-4320-869a-279ddf838483"}, "_12c3fd5a-e8bd-4eb2-bd09-51fa30b2ea6a": {"angle": 27.126753119356163, "magnitude": 15453.156846355125, "measurement_mrid": "_12c3fd5a-e8bd-4eb2-bd09-51fa30b2ea6a"}, "_7eec86b2-458d-4c8d-93a5-a24463a914e7": {"angle": -1.7517403562743268, "magnitude": 2419.6016529344643, "measurement_mrid": "_7eec86b2-458d-4c8d-93a5-a24463a914e7"}, "_9fa0b346-e7c8-4fa0-a39f-b45c3d8b5677": {"angle": 27.126753117794948, "magnitude": 30866.01908328985, "measurement_mrid": "_9fa0b346-e7c8-4fa0-a39f-b45c3d8b5677"}, "_fd51a89e-9b73-41b9-b18d-2fde8098eead": {"angle": 35.90406858407575, "magnitude": 28876.68183114099, "measurement_mrid": "_fd51a89e-9b73-41b9-b18d-2fde8098eead"}, "_f01436c0-4ce1-4623-bd35-f6e075de1737": {"angle": 35.904068583378056, "magnitude": 59331.999914860455, "measurement_mrid": "_f01436c0-4ce1-4623-bd35-f6e075de1737"}, "_7b1ccb56-0235-47bd-81f2-6a8cc8754f4e": {"angle": -121.0296862590839, "magnitude": 2478.0136302914525, "measurement_mrid": "_7b1ccb56-0235-47bd-81f2-6a8cc8754f4e"}, "_d6bdb2cf-6dc2-48fe-b0ae-ca06aebb72e8": {"angle": 119.09730697055876, "magnitude": 2439.8935912527854, "measurement_mrid": "_d6bdb2cf-6dc2-48fe-b0ae-ca06aebb72e8"}, "_e3f19990-6894-4188-ac14-cf8fe86f91d8": {"angle": -121.03527533030824, "magnitude": 2477.094471525244, "measurement_mrid": "_e3f19990-6894-4188-ac14-cf8fe86f91d8"}, "_22cadbc0-a369-42c7-a057-136b49c6b9ea": {"angle": 27.12675311743658, "magnitude": 15457.44528878652, "measurement_mrid": "_22cadbc0-a369-42c7-a057-136b49c6b9ea"}, "_65efed2d-1706-4377-91f3-52dab8fed0a9": {"angle": -1.8478330917893955, "magnitude": 2410.4593465094104, "measurement_mrid": "_65efed2d-1706-4377-91f3-52dab8fed0a9"}, "_67a7bc66-65eb-4777-a102-7e45f0860339": {"angle": 35.90406858271459, "magnitude": 29220.480854098492, "measurement_mrid": "_67a7bc66-65eb-4777-a102-7e45f0860339"}, "_0c0c2256-b5dd-422d-9e9c-a965ace1a1c3": {"angle": 119.16788417896495, "magnitude": 2443.581050188365, "measurement_mrid": "_0c0c2256-b5dd-422d-9e9c-a965ace1a1c3"}, "_dc0644bc-450f-49e9-a79e-1c426f9de1f0": {"angle": 27.126753118068056, "magnitude": 30368.859882238106, "measurement_mrid": "_dc0644bc-450f-49e9-a79e-1c426f9de1f0"}, "_9c1ac32b-6c25-4ff4-a089-7ac5f482fc59": {"angle": 27.12675311904932, "magnitude": 15033.612658665617, "measurement_mrid": "_9c1ac32b-6c25-4ff4-a089-7ac5f482fc59"}, "_f6dc7436-2b73-4605-94de-cdc83145df9b": {"angle": 119.07325706219943, "magnitude": 2438.8377831936764, "measurement_mrid": "_f6dc7436-2b73-4605-94de-cdc83145df9b"}, "_21c47821-ec19-4a4e-95ad-61894f9ba9ee": {"angle": 27.126753117927393, "magnitude": 15017.382306829315, "measurement_mrid": "_21c47821-ec19-4a4e-95ad-61894f9ba9ee"}, "_0f2104e6-3fd8-4e62-b0f0-6fed5babe0b6": {"angle": 35.904068582962495, "magnitude": 57742.545979988136, "measurement_mrid": "_0f2104e6-3fd8-4e62-b0f0-6fed5babe0b6"}, "_d6b957d2-c83a-40aa-a81a-fe25a381589f": {"angle": 35.90406858352882, "magnitude": 59343.35767670192, "measurement_mrid": "_d6b957d2-c83a-40aa-a81a-fe25a381589f"}, "_0858199b-5c36-4113-a06a-30e00921f68b": {"angle": 27.126753118008587, "magnitude": 15007.74316751431, "measurement_mrid": "_0858199b-5c36-4113-a06a-30e00921f68b"}}