{"_7f3ed50b-f22e-47e2-9c2f-87b7b7275aef": {"angle": -2.9812550383729373, "magnitude": 2560.5757109241003, "measurement_mrid": "_7f3ed50b-f22e-47e2-9c2f-87b7b7275aef"}, "_38312e44-4321-456c-8296-e0da3a78ff93": {"angle": -121.69517822657157, "magnitude": 2547.186081943757, "measurement_mrid": "_38312e44-4321-456c-8296-e0da3a78ff93"}, "_323189ac-d99f-428b-8a0f-829a1f469923": {"angle": 27.126753116659962, "magnitude": 31202.102009941053, "measurement_mrid": "_323189ac-d99f-428b-8a0f-829a1f469923"}, "_815bbb13-ad68-4504-9ff0-70cb5f70f14f": {"angle": -121.6774644634897, "magnitude": 2549.5741387414305, "measurement_mrid": "_815bbb13-ad68-4504-9ff0-70cb5f70f14f"}, "_843eae72-ffc4-4e92-9b5e-3141237d138d": {"angle": -2.9800969452722774, "magnitude": 2560.7313151006715, "measurement_mrid": "_843eae72-ffc4-4e92-9b5e-3141237d138d"}, "_02d765b8-ac30-4565-a7b8-44a1c4d71c92": {"angle": -3.009241024731116, "magnitude": 2556.785811319986, "measurement_mrid": "_02d765b8-ac30-4565-a7b8-44a1c4d71c92"}, "_f307e37c-7133-4809-8d08-01fd93bc2a40": {"angle": 27.12675311817698, "magnitude": 15446.969173158432, "measurement_mrid": "_f307e37c-7133-4809-8d08-01fd93bc2a40"}, "_7dd29d00-5fc3-489d-ba9f-e15e503a9ce4": {"angle": 27.126753117994518, "magnitude": 15621.0026360557, "measurement_mrid": "_7dd29d00-5fc3-489d-ba9f-e15e503a9ce4"}, "_d8bd1d3c-9140-4c9f-99a0-4a6d02e1cc8a": {"angle": -3.00425031897208, "magnitude": 2557.4606690479777, "measurement_mrid": "_d8bd1d3c-9140-4c9f-99a0-4a6d02e1cc8a"}, "_cb21ca22-a728-4836-a40b-14335a458512": {"angle": 27.126753117402114, "magnitude": 31292.679795541473, "measurement_mrid": "_cb21ca22-a728-4836-a40b-14335a458512"}, "_698f74c4-76ee-4970-8b0b-06c1a435770a": {"angle": 27.126753119106308, "magnitude": 15596.934231716215, "measurement_mrid": "_698f74c4-76ee-4970-8b0b-06c1a435770a"}, "_e7743f41-c7d8-42ac-8eb6-422b094306b1": {"angle": 27.126753117162036, "magnitude": 30861.001110081474, "measurement_mrid": "_e7743f41-c7d8-42ac-8eb6-422b094306b1"}, "_13cbf0a8-449d-4910-af1a-5d8b62ccea35": {"angle": -2.9494970261322306, "magnitude": 2564.88482039658, "measurement_mrid": "_13cbf0a8-449d-4910-af1a-5d8b62ccea35"}, "_9dc2fd5e-7592-4139-8a07-58c7c5214240": {"angle": 27.126753117186333, "magnitude": 30825.531912335395, "measurement_mrid": "_9dc2fd5e-7592-4139-8a07-58c7c5214240"}, "_2c904349-8c6b-4ad8-aa07-a9f3f020fc92": {"angle": 27.126753116658463, "magnitude": 31076.747699828968, "measurement_mrid": "_2c904349-8c6b-4ad8-aa07-a9f3f020fc92"}, "_494a19ca-8a5d-42f4-b2a3-a0e09187a5a4": {"angle": 27.12675311787413, "magnitude": 31105.883008032095, "measurement_mrid": "_494a19ca-8a5d-42f4-b2a3-a0e09187a5a4"}, "_000b01a1-8238-4372-95c0-82aad26ea311": {"angle": 27.126753116083744, "magnitude": 15620.053418934887, "measurement_mrid": "_000b01a1-8238-4372-95c0-82aad26ea311"}, "_34084725-2042-4043-8e46-41d4fc88f26c": {"angle": 118.31178918455095, "magnitude": 2529.5025479899855, "measurement_mrid": "_34084725-2042-4043-8e46-41d4fc88f26c"}, "_6f946378-6bba-4db1-9b3a-646e976a4f78": {"angle": 118.3319403861296, "magnitude": 2532.2022287170826, "measurement_mrid": "_6f946378-6bba-4db1-9b3a-646e976a4f78"}, "_4e3bbe43-5b74-4a05-b087-2304372bd16d": {"angle": 118.29005294834458, "magnitude": 2526.5953383031137, "measurement_mrid": "_4e3bbe43-5b74-4a05-b087-2304372bd16d"}}