{"_443e2aa1-2964-45b1-809f-8e1dbb33e2bc": {"angle": 27.126753116265174, "magnitude": 29501.27823905973, "measurement_mrid": "_443e2aa1-2964-45b1-809f-8e1dbb33e2bc"}, "_adeaed9a-ef5f-4885-8716-a4fa694c721e": {"angle": 118.45958236692773, "magnitude": 2427.7328159465033, "measurement_mrid": "_adeaed9a-ef5f-4885-8716-a4fa694c721e"}, "_eb5bdbcf-06ab-4f00-aca6-d0bff6644439": {"angle": -1.7963754714615543, "magnitude": 2431.2128367101295, "measurement_mrid": "_eb5bdbcf-06ab-4f00-aca6-d0bff6644439"}, "_3d933a0b-3ed5-4eb0-a1bc-ca977960fb83": {"angle": 35.904068583120065, "magnitude": 28368.67273820095, "measurement_mrid": "_3d933a0b-3ed5-4eb0-a1bc-ca977960fb83"}, "_ee96df91-12d8-4f56-89fd-34a110e2963c": {"angle": 24.4946484709955, "magnitude": 54762.62920311198, "measurement_mrid": "_ee96df91-12d8-4f56-89fd-34a110e2963c"}, "_3a4b838f-6438-4c14-9f0a-4ecc6bfd20ff": {"angle": 35.904068583707115, "magnitude": 56973.98826200912, "measurement_mrid": "_3a4b838f-6438-4c14-9f0a-4ecc6bfd20ff"}, "_e1e5ee3e-9664-4343-b8a3-99da95417020": {"angle": 27.126753117046224, "magnitude": 14817.638013452972, "measurement_mrid": "_e1e5ee3e-9664-4343-b8a3-99da95417020"}, "_5afdd23c-9dd6-4ef1-9fed-6967676d9a0a": {"angle": 27.12675311602701, "magnitude": 15188.695234662111, "measurement_mrid": "_5afdd23c-9dd6-4ef1-9fed-6967676d9a0a"}, "_6a2c3677-4ffe-48a0-b1ac-89319fd4c79f": {"angle": 27.126753118070596, "magnitude": 14759.750383251203, "measurement_mrid": "_6a2c3677-4ffe-48a0-b1ac-89319fd4c79f"}, "_86befb95-aa3b-43e8-9e05-9b969cf10449": {"angle": 118.45780986672092, "magnitude": 2425.37614405479, "measurement_mrid": "_86befb95-aa3b-43e8-9e05-9b969cf10449"}, "_a6c19c59-cfd7-445d-a7ca-ef9c53706242": {"angle": -2.638292435474827, "magnitude": 2417.648890017758, "measurement_mrid": "_a6c19c59-cfd7-445d-a7ca-ef9c53706242"}, "_3e9a35b5-3359-49f9-88ff-a23d1f458c52": {"angle": -121.01930125437035, "magnitude": 2493.1844083921055, "measurement_mrid": "_3e9a35b5-3359-49f9-88ff-a23d1f458c52"}, "_82ebfab5-bcd5-433f-bda4-e76ccca1d53a": {"angle": -121.17286635006063, "magnitude": 2490.3828313969666, "measurement_mrid": "_82ebfab5-bcd5-433f-bda4-e76ccca1d53a"}, "_0e2b52cc-c6dd-4de7-ba04-d32f5a040cb6": {"angle": 118.46604589349212, "magnitude": 2439.5735444871375, "measurement_mrid": "_0e2b52cc-c6dd-4de7-ba04-d32f5a040cb6"}, "_37a56da1-c56c-4954-9dbf-6a9fd4903824": {"angle": 27.126753116678366, "magnitude": 29661.825049280233, "measurement_mrid": "_37a56da1-c56c-4954-9dbf-6a9fd4903824"}, "_540960cf-0ced-4e05-b650-a543bafb8e0b": {"angle": -1.8787398092632985, "magnitude": 2429.036762421387, "measurement_mrid": "_540960cf-0ced-4e05-b650-a543bafb8e0b"}, "_e0064a3f-f0bf-4c4d-8762-ebd498ea5c76": {"angle": -1.6596642312220322, "magnitude": 2434.588170500691, "measurement_mrid": "_e0064a3f-f0bf-4c4d-8762-ebd498ea5c76"}, "_8b82bf3f-f55e-4df8-b528-a8a8a5315b93": {"angle": 27.12675311887885, "magnitude": 15208.952217072185, "measurement_mrid": "_8b82bf3f-f55e-4df8-b528-a8a8a5315b93"}, "_cdeb301c-50fd-4e70-9bbc-603856d19ba1": {"angle": -121.17680863468159, "magnitude": 2489.863706207503, "measurement_mrid": "_cdeb301c-50fd-4e70-9bbc-603856d19ba1"}, "_56dae9fd-22a0-4055-a990-b757f4812bed": {"angle": 27.126753116006878, "magnitude": 15191.862008816643, "measurement_mrid": "_56dae9fd-22a0-4055-a990-b757f4812bed"}, "_f7b11ce3-2795-45ae-b13d-b093d6d05aab": {"angle": 27.126753116857905, "magnitude": 29703.005550451297, "measurement_mrid": "_f7b11ce3-2795-45ae-b13d-b093d6d05aab"}, "_6602c228-204e-42f3-918a-a552ffb7e50e": {"angle": -121.37355734716513, "magnitude": 2482.646223930921, "measurement_mrid": "_6602c228-204e-42f3-918a-a552ffb7e50e"}, "_190d03aa-7987-43f4-85bf-31b937b7ea22": {"angle": -2.609992742564915, "magnitude": 2418.0537179299236, "measurement_mrid": "_190d03aa-7987-43f4-85bf-31b937b7ea22"}, "_1688305a-45e7-46e2-b8d7-56c946efabac": {"angle": 35.90406858216687, "magnitude": 29131.35093784818, "measurement_mrid": "_1688305a-45e7-46e2-b8d7-56c946efabac"}, "_ab690295-a0a2-4233-870f-e384a90b146a": {"angle": 27.12675311796781, "magnitude": 29763.829222656568, "measurement_mrid": "_ab690295-a0a2-4233-870f-e384a90b146a"}, "_95166b23-aae5-444b-946e-5bfd04db9b04": {"angle": -2.6010750079985354, "magnitude": 2419.5473158499085, "measurement_mrid": "_95166b23-aae5-444b-946e-5bfd04db9b04"}, "_3c6c21ae-f288-426d-bf45-881ccce6aeef": {"angle": -121.41082776206034, "magnitude": 2482.852917981873, "measurement_mrid": "_3c6c21ae-f288-426d-bf45-881ccce6aeef"}, "_3dcd54ee-3c45-4642-aab8-7144d9834135": {"angle": 24.49464847109152, "magnitude": 56060.39873721634, "measurement_mrid": "_3dcd54ee-3c45-4642-aab8-7144d9834135"}}