{"_45891f20-d80e-46ce-a7de-a518f988b23d": {"measurement_mrid": "_45891f20-d80e-46ce-a7de-a518f988b23d", "value": 0}, "_16dc4abe-52aa-4a5d-81d5-d722214e530f": {"angle": 27.126753118151633, "magnitude": 30413.233848553282, "measurement_mrid": "_16dc4abe-52aa-4a5d-81d5-d722214e530f"}, "_3ca4d2b0-679d-469c-ab34-2a9f36a3bc15": {"angle": 27.12675311752724, "magnitude": 30733.619185462856, "measurement_mrid": "_3ca4d2b0-679d-469c-ab34-2a9f36a3bc15"}, "_d3466543-8e74-448e-a94d-02fabacfdc3b": {"angle": 27.126753116654417, "magnitude": 15147.675420140806, "measurement_mrid": "_d3466543-8e74-448e-a94d-02fabacfdc3b"}, "_de97446c-7fd2-4ce8-ae7b-87c7d94109c1": {"angle": 27.126753117415607, "magnitude": 15143.743379794461, "measurement_mrid": "_de97446c-7fd2-4ce8-ae7b-87c7d94109c1"}, "_e0631cb9-120c-4cf6-8128-3a45d0372f66": {"angle": 27.12675311686962, "magnitude": 15278.204750506558, "measurement_mrid": "_e0631cb9-120c-4cf6-8128-3a45d0372f66"}, "_3afb11b8-af1d-486a-a7a7-2ee4cbf192a0": {"angle": -1.835342560171805, "magnitude": 2449.9356740516114, "measurement_mrid": "_3afb11b8-af1d-486a-a7a7-2ee4cbf192a0"}, "_5b398757-d960-4cdd-b8ba-35528e2f75df": {"angle": 27.126753116571752, "magnitude": 15186.617719005768, "measurement_mrid": "_5b398757-d960-4cdd-b8ba-35528e2f75df"}, "_916318c9-8e78-46eb-97e4-8732f82b166d": {"angle": 27.12675311644341, "magnitude": 30305.829912134486, "measurement_mrid": "_916318c9-8e78-46eb-97e4-8732f82b166d"}, "_1a0060a8-8838-479e-89ad-a718cb0d536c": {"angle": 27.12675311739022, "magnitude": 15247.226748330457, "measurement_mrid": "_1a0060a8-8838-479e-89ad-a718cb0d536c"}, "_6ce2f84c-250a-443c-abca-9d64bcb5defb": {"angle": 119.22966829294924, "magnitude": 2456.3276535380483, "measurement_mrid": "_6ce2f84c-250a-443c-abca-9d64bcb5defb"}, "_c147ed46-0157-4144-8367-0c6c89a3d320": {"angle": 119.71472357096683, "magnitude": 2478.714813163398, "measurement_mrid": "_c147ed46-0157-4144-8367-0c6c89a3d320"}, "_8a0380e7-b650-48e3-936c-245097e0b7f6": {"angle": -120.88374334487493, "magnitude": 2485.8612342151823, "measurement_mrid": "_8a0380e7-b650-48e3-936c-245097e0b7f6"}, "_793c8b3c-202b-4cba-8953-c8098e1d428f": {"angle": -1.1119432906656845, "magnitude": 2446.877044601996, "measurement_mrid": "_793c8b3c-202b-4cba-8953-c8098e1d428f"}, "_da981bb9-85fe-4d03-b7d3-02c67e8db2e8": {"angle": 119.19921545114407, "magnitude": 2441.129372654658, "measurement_mrid": "_da981bb9-85fe-4d03-b7d3-02c67e8db2e8"}, "_510ce6bf-06af-464c-88f8-7362c80eb9ed": {"angle": -120.23142202511475, "magnitude": 2494.2843679563566, "measurement_mrid": "_510ce6bf-06af-464c-88f8-7362c80eb9ed"}, "_504c841f-7b90-4506-b66f-d5e64798a107": {"angle": 27.126753116995868, "magnitude": 30511.492529137613, "measurement_mrid": "_504c841f-7b90-4506-b66f-d5e64798a107"}, "_db76d420-9ed9-43d2-9427-43e6faa2bcac": {"angle": 119.19447782871514, "magnitude": 2441.973752213718, "measurement_mrid": "_db76d420-9ed9-43d2-9427-43e6faa2bcac"}, "_7328e7a1-d34d-4405-b35e-fa54c4234b8c": {"angle": -1.70044526272177, "magnitude": 2422.924412328547, "measurement_mrid": "_7328e7a1-d34d-4405-b35e-fa54c4234b8c"}, "_db8c39d9-287c-41d2-84db-9cc4286651c6": {"angle": 27.126753117329397, "magnitude": 30051.906982037366, "measurement_mrid": "_db8c39d9-287c-41d2-84db-9cc4286651c6"}, "_a9e2b373-19fb-41ca-bdc2-dd0a0a4a0a60": {"angle": 27.126753115829622, "magnitude": 15477.512346991123, "measurement_mrid": "_a9e2b373-19fb-41ca-bdc2-dd0a0a4a0a60"}, "_7b087dd3-35f5-4a79-8d26-3c037b853751": {"angle": 27.126753117465718, "magnitude": 30404.640410164488, "measurement_mrid": "_7b087dd3-35f5-4a79-8d26-3c037b853751"}, "_094f8c99-f842-417f-87fe-57370dac611e": {"angle": 27.12675311698799, "magnitude": 15373.363194342712, "measurement_mrid": "_094f8c99-f842-417f-87fe-57370dac611e"}, "_bcfa6f80-f574-4f0c-8e87-52512aed41c1": {"angle": -1.7111614886145903, "magnitude": 2421.551414725067, "measurement_mrid": "_bcfa6f80-f574-4f0c-8e87-52512aed41c1"}, "_c631be83-e212-4474-a3f8-e59bf1f03d91": {"angle": 27.126753116781213, "magnitude": 30731.82195829156, "measurement_mrid": "_c631be83-e212-4474-a3f8-e59bf1f03d91"}, "_23cf6fd1-ac8b-44dd-bc11-cd3517bf65e7": {"angle": 119.19735948768262, "magnitude": 2440.864924823002, "measurement_mrid": "_23cf6fd1-ac8b-44dd-bc11-cd3517bf65e7"}, "_b636b254-8e26-45d9-9b60-d8d8e50d4743": {"angle": 27.12675311789277, "magnitude": 30052.380879941564, "measurement_mrid": "_b636b254-8e26-45d9-9b60-d8d8e50d4743"}, "_a3858ea5-1626-46f0-8460-6f0f05fe7801": {"angle": 27.126753117876653, "magnitude": 30069.420302409235, "measurement_mrid": "_a3858ea5-1626-46f0-8460-6f0f05fe7801"}, "_0ef487fb-9eec-4fce-9e80-79467f735a4f": {"angle": 119.70546400490842, "magnitude": 2477.500171590394, "measurement_mrid": "_0ef487fb-9eec-4fce-9e80-79467f735a4f"}, "_06093444-a010-42d5-8162-9c9e9348a4bf": {"measurement_mrid": "_06093444-a010-42d5-8162-9c9e9348a4bf", "value": 2}, "_5d181016-ff2c-4e34-b042-e12ad607235d": {"measurement_mrid": "_5d181016-ff2c-4e34-b042-e12ad607235d", "value": 0}, "_6f1065a0-b090-4e04-a5b2-84d2bbd73931": {"angle": 27.126753117236888, "magnitude": 30483.96732807978, "measurement_mrid": "_6f1065a0-b090-4e04-a5b2-84d2bbd73931"}, "_0c4c4162-217c-4f02-b071-63c63bc25a11": {"angle": 27.126753117276444, "magnitude": 30850.490384270342, "measurement_mrid": "_0c4c4162-217c-4f02-b071-63c63bc25a11"}, "_26198f29-40a1-4abb-b63b-b031c63d7cd3": {"angle": 27.126753116197012, "magnitude": 15472.7478751319, "measurement_mrid": "_26198f29-40a1-4abb-b63b-b031c63d7cd3"}, "_2845a96b-4c5e-4a4d-9faf-89f61e8c2708": {"angle": -0.8318592023460778, "magnitude": 2462.1648769271296, "measurement_mrid": "_2845a96b-4c5e-4a4d-9faf-89f61e8c2708"}, "_352b8fb7-603a-4697-a1bb-392c21cdcc74": {"angle": 27.126753117215582, "magnitude": 30292.06894155722, "measurement_mrid": "_352b8fb7-603a-4697-a1bb-392c21cdcc74"}, "_8cd29b92-4a50-4466-9952-18a6ec576c27": {"angle": -120.53486975309113, "magnitude": 2493.516547850454, "measurement_mrid": "_8cd29b92-4a50-4466-9952-18a6ec576c27"}, "_6e8e26f4-4196-44f7-9cc5-0f2eea80f3e6": {"angle": 119.23616872256096, "magnitude": 2457.1726050319485, "measurement_mrid": "_6e8e26f4-4196-44f7-9cc5-0f2eea80f3e6"}, "_a99f7b8f-dea4-45d1-814b-bb7233475b9e": {"angle": 27.126753117409272, "magnitude": 30761.800552846205, "measurement_mrid": "_a99f7b8f-dea4-45d1-814b-bb7233475b9e"}, "_7e7d8268-3b61-40eb-8c70-201b18f78bcb": {"angle": 119.69740244410967, "magnitude": 2476.4440230478945, "measurement_mrid": "_7e7d8268-3b61-40eb-8c70-201b18f78bcb"}, "_2e55181b-fd8f-4a8d-af9b-3d9cd94e9de3": {"angle": -1.8082369141789592, "magnitude": 2421.7826394778426, "measurement_mrid": "_2e55181b-fd8f-4a8d-af9b-3d9cd94e9de3"}, "_81a51e42-7f49-4d2e-8b04-a2ac0682a4c8": {"angle": -1.107864030877165, "magnitude": 2447.405133842696, "measurement_mrid": "_81a51e42-7f49-4d2e-8b04-a2ac0682a4c8"}, "_73a88982-a388-47f5-8e24-756e33f9c8c3": {"angle": -0.47972638621300323, "magnitude": 2476.2992065627113, "measurement_mrid": "_73a88982-a388-47f5-8e24-756e33f9c8c3"}, "_6b208800-a756-4b8d-87ff-97efea6662c6": {"angle": -1.0830266113576295, "magnitude": 2450.6281136516627, "measurement_mrid": "_6b208800-a756-4b8d-87ff-97efea6662c6"}, "_93d40c85-0fad-4ee9-8cba-94be18acc41a": {"angle": 119.24672962336177, "magnitude": 2458.5455709052358, "measurement_mrid": "_93d40c85-0fad-4ee9-8cba-94be18acc41a"}, "_70de187d-11ee-480a-9689-28bd62c12baa": {"angle": 27.1267531167289, "magnitude": 30055.25046726925, "measurement_mrid": "_70de187d-11ee-480a-9689-28bd62c12baa"}, "_ae280c82-96ee-4c35-a779-48531eba1d33": {"angle": 27.12675311814739, "magnitude": 30366.68165192255, "measurement_mrid": "_ae280c82-96ee-4c35-a779-48531eba1d33"}, "_c325e410-48e6-4bc5-a6ce-67db4eed2522": {"angle": -1.822279590053822, "magnitude": 2421.5132292933527, "measurement_mrid": "_c325e410-48e6-4bc5-a6ce-67db4eed2522"}, "_3ee0f566-2de4-4735-b405-28a2cdc92207": {"angle": 119.19430611182592, "magnitude": 2440.4957036763903, "measurement_mrid": "_3ee0f566-2de4-4735-b405-28a2cdc92207"}}