{"_7a985d52-0712-4166-ab21-e1c6ce8f556a": {"angle": 119.10535066045452, "magnitude": 2441.0030287780496, "measurement_mrid": "_7a985d52-0712-4166-ab21-e1c6ce8f556a"}, "_1db7ad14-5ba1-4b13-a570-c27ea3a957ad": {"angle": -1.805121143630106, "magnitude": 2412.8614022362244, "measurement_mrid": "_1db7ad14-5ba1-4b13-a570-c27ea3a957ad"}, "_55ee8ffe-d779-4320-869a-279ddf838483": {"angle": -1.7442243430028386, "magnitude": 2418.8232334712948, "measurement_mrid": "_55ee8ffe-d779-4320-869a-279ddf838483"}, "_12c3fd5a-e8bd-4eb2-bd09-51fa30b2ea6a": {"angle": 27.12675311754221, "magnitude": 15144.308586553178, "measurement_mrid": "_12c3fd5a-e8bd-4eb2-bd09-51fa30b2ea6a"}, "_7eec86b2-458d-4c8d-93a5-a24463a914e7": {"angle": -1.7222194982794965, "magnitude": 2421.547672820712, "measurement_mrid": "_7eec86b2-458d-4c8d-93a5-a24463a914e7"}, "_9fa0b346-e7c8-4fa0-a39f-b45c3d8b5677": {"angle": 27.12675311694211, "magnitude": 30249.941365078776, "measurement_mrid": "_9fa0b346-e7c8-4fa0-a39f-b45c3d8b5677"}, "_fd51a89e-9b73-41b9-b18d-2fde8098eead": {"angle": 35.90406858290516, "magnitude": 28317.685168988377, "measurement_mrid": "_fd51a89e-9b73-41b9-b18d-2fde8098eead"}, "_f01436c0-4ce1-4623-bd35-f6e075de1737": {"angle": 35.90406858323294, "magnitude": 58148.56186413564, "measurement_mrid": "_f01436c0-4ce1-4623-bd35-f6e075de1737"}, "_7b1ccb56-0235-47bd-81f2-6a8cc8754f4e": {"angle": -121.01109240547642, "magnitude": 2478.6833628767563, "measurement_mrid": "_7b1ccb56-0235-47bd-81f2-6a8cc8754f4e"}, "_d6bdb2cf-6dc2-48fe-b0ae-ca06aebb72e8": {"angle": 119.11158381968735, "magnitude": 2441.3568552077268, "measurement_mrid": "_d6bdb2cf-6dc2-48fe-b0ae-ca06aebb72e8"}, "_e3f19990-6894-4188-ac14-cf8fe86f91d8": {"angle": -121.01656499519467, "magnitude": 2477.78286362922, "measurement_mrid": "_e3f19990-6894-4188-ac14-cf8fe86f91d8"}, "_22cadbc0-a369-42c7-a057-136b49c6b9ea": {"angle": 27.126753115595292, "magnitude": 15148.425367188353, "measurement_mrid": "_22cadbc0-a369-42c7-a057-136b49c6b9ea"}, "_65efed2d-1706-4377-91f3-52dab8fed0a9": {"angle": -1.8163210280129687, "magnitude": 2412.5911356600136, "measurement_mrid": "_65efed2d-1706-4377-91f3-52dab8fed0a9"}, "_67a7bc66-65eb-4777-a102-7e45f0860339": {"angle": 35.904068583017306, "magnitude": 28646.8618134717, "measurement_mrid": "_67a7bc66-65eb-4777-a102-7e45f0860339"}, "_0c0c2256-b5dd-422d-9e9c-a965ace1a1c3": {"angle": 119.1806914015366, "magnitude": 2444.9705832587592, "measurement_mrid": "_0c0c2256-b5dd-422d-9e9c-a965ace1a1c3"}, "_dc0644bc-450f-49e9-a79e-1c426f9de1f0": {"angle": 27.126753117523506, "magnitude": 29772.96411916755, "measurement_mrid": "_dc0644bc-450f-49e9-a79e-1c426f9de1f0"}, "_9c1ac32b-6c25-4ff4-a089-7ac5f482fc59": {"angle": 27.12675311545226, "magnitude": 14742.147781782338, "measurement_mrid": "_9c1ac32b-6c25-4ff4-a089-7ac5f482fc59"}, "_f6dc7436-2b73-4605-94de-cdc83145df9b": {"angle": 119.08803479596348, "magnitude": 2440.322280881734, "measurement_mrid": "_f6dc7436-2b73-4605-94de-cdc83145df9b"}, "_21c47821-ec19-4a4e-95ad-61894f9ba9ee": {"angle": 27.126753118547967, "magnitude": 14726.568063089107, "measurement_mrid": "_21c47821-ec19-4a4e-95ad-61894f9ba9ee"}, "_0f2104e6-3fd8-4e62-b0f0-6fed5babe0b6": {"angle": 35.90406858304274, "magnitude": 56624.98622326043, "measurement_mrid": "_0f2104e6-3fd8-4e62-b0f0-6fed5babe0b6"}, "_d6b957d2-c83a-40aa-a81a-fe25a381589f": {"angle": 35.904068583301296, "magnitude": 58159.46453332167, "measurement_mrid": "_d6b957d2-c83a-40aa-a81a-fe25a381589f"}, "_0858199b-5c36-4113-a06a-30e00921f68b": {"angle": 27.126753117372022, "magnitude": 14717.316210125262, "measurement_mrid": "_0858199b-5c36-4113-a06a-30e00921f68b"}, "_cdfe34b0-1d8b-4ae8-9429-fc537f881296": {"angle": -1.7999332284915799, "magnitude": 2413.3036023082236, "measurement_mrid": "_cdfe34b0-1d8b-4ae8-9429-fc537f881296"}, "_0ba2cea5-fa41-4b37-85e3-b7894f598c84": {"angle": -120.94959561252367, "magnitude": 2483.2623179505854, "measurement_mrid": "_0ba2cea5-fa41-4b37-85e3-b7894f598c84"}, "_ba47f4d1-b828-4867-ac96-5205bdf9b2d7": {"angle": 35.90406858370645, "magnitude": 28312.728493966428, "measurement_mrid": "_ba47f4d1-b828-4867-ac96-5205bdf9b2d7"}, "_a0f2d4c7-2778-483e-9f8d-d4715e55d1a3": {"angle": 27.126753117809184, "magnitude": 14722.767945014279, "measurement_mrid": "_a0f2d4c7-2778-483e-9f8d-d4715e55d1a3"}, "_d2c5318d-bb0d-4140-a6fa-e9ed36158cf4": {"angle": -120.95473543533883, "magnitude": 2482.5874587001554, "measurement_mrid": "_d2c5318d-bb0d-4140-a6fa-e9ed36158cf4"}, "_fc21c7a0-1374-419a-9ac5-b818eea71412": {"angle": 29.54136050028097, "magnitude": 26842.9307552091, "measurement_mrid": "_fc21c7a0-1374-419a-9ac5-b818eea71412"}, "_bacb3736-df70-43bb-9ad0-db6127244e90": {"angle": 27.126753115526153, "magnitude": 14914.837689654549, "measurement_mrid": "_bacb3736-df70-43bb-9ad0-db6127244e90"}, "_c71e3e13-edf1-45e3-9f09-e3eb74d31f4b": {"angle": -1.7672078605997883, "magnitude": 2416.6617441364583, "measurement_mrid": "_c71e3e13-edf1-45e3-9f09-e3eb74d31f4b"}, "_d07152ec-20e4-406c-9c77-d0faecb215ea": {"angle": -1.7928175892803098, "magnitude": 2414.107780750013, "measurement_mrid": "_d07152ec-20e4-406c-9c77-d0faecb215ea"}, "_d4a20fc2-ceb5-466c-b7e3-bab0f176ae71": {"angle": -120.98913776219403, "magnitude": 2479.4174212469093, "measurement_mrid": "_d4a20fc2-ceb5-466c-b7e3-bab0f176ae71"}, "_92be8aa8-2126-45c9-b201-099263a43c5f": {"angle": -1.7976978896139548, "magnitude": 2413.4848320437404, "measurement_mrid": "_92be8aa8-2126-45c9-b201-099263a43c5f"}, "_0595a337-e47b-4446-9124-56c43a0a03ed": {"angle": -121.01510187872006, "magnitude": 2478.247440391233, "measurement_mrid": "_0595a337-e47b-4446-9124-56c43a0a03ed"}, "_70c9bfd7-2023-48dc-ae3e-771ce165f698": {"angle": 27.12675311721705, "magnitude": 29510.666653917564, "measurement_mrid": "_70c9bfd7-2023-48dc-ae3e-771ce165f698"}, "_d01e425a-e51f-4af2-96ad-ed4ed5132a10": {"angle": 119.09545112687401, "magnitude": 2440.862684853806, "measurement_mrid": "_d01e425a-e51f-4af2-96ad-ed4ed5132a10"}, "_cdc3b124-c300-4fc9-95ff-495cdcb756eb": {"angle": 27.1267531176668, "magnitude": 29543.90596077793, "measurement_mrid": "_cdc3b124-c300-4fc9-95ff-495cdcb756eb"}, "_4ef7f517-ff35-43d5-bca8-10cad75365ae": {"angle": -1.8044484463533148, "magnitude": 2412.8811818483373, "measurement_mrid": "_4ef7f517-ff35-43d5-bca8-10cad75365ae"}, "_80fd5e93-4f6c-45ea-9b78-577236a362e1": {"angle": 35.90406858281183, "magnitude": 29084.850755369836, "measurement_mrid": "_80fd5e93-4f6c-45ea-9b78-577236a362e1"}, "_39ed7d95-a7dd-4492-805a-9beb4f2aac61": {"angle": 35.90406858360617, "magnitude": 57285.41338786352, "measurement_mrid": "_39ed7d95-a7dd-4492-805a-9beb4f2aac61"}}