{"_6f1065a0-b090-4e04-a5b2-84d2bbd73931": {"angle": 27.126753117528175, "magnitude": 29979.83665287713, "measurement_mrid": "_6f1065a0-b090-4e04-a5b2-84d2bbd73931"}, "_0c4c4162-217c-4f02-b071-63c63bc25a11": {"angle": 27.126753116959367, "magnitude": 30333.761713397816, "measurement_mrid": "_0c4c4162-217c-4f02-b071-63c63bc25a11"}, "_26198f29-40a1-4abb-b63b-b031c63d7cd3": {"angle": 27.126753118106866, "magnitude": 15212.37853382116, "measurement_mrid": "_26198f29-40a1-4abb-b63b-b031c63d7cd3"}, "_2845a96b-4c5e-4a4d-9faf-89f61e8c2708": {"angle": -0.820878423861521, "magnitude": 2462.9290277921887, "measurement_mrid": "_2845a96b-4c5e-4a4d-9faf-89f61e8c2708"}, "_352b8fb7-603a-4697-a1bb-392c21cdcc74": {"angle": 27.126753117983064, "magnitude": 29794.32913052599, "measurement_mrid": "_352b8fb7-603a-4697-a1bb-392c21cdcc74"}, "_8cd29b92-4a50-4466-9952-18a6ec576c27": {"angle": -120.52732356055486, "magnitude": 2493.746080375475, "measurement_mrid": "_8cd29b92-4a50-4466-9952-18a6ec576c27"}, "_6e8e26f4-4196-44f7-9cc5-0f2eea80f3e6": {"angle": 119.24571586677821, "magnitude": 2458.109113228987, "measurement_mrid": "_6e8e26f4-4196-44f7-9cc5-0f2eea80f3e6"}, "_a99f7b8f-dea4-45d1-814b-bb7233475b9e": {"angle": 27.126753117246004, "magnitude": 30245.986930329516, "measurement_mrid": "_a99f7b8f-dea4-45d1-814b-bb7233475b9e"}, "_7e7d8268-3b61-40eb-8c70-201b18f78bcb": {"angle": 119.70134671858413, "magnitude": 2476.860930498326, "measurement_mrid": "_7e7d8268-3b61-40eb-8c70-201b18f78bcb"}, "_2e55181b-fd8f-4a8d-af9b-3d9cd94e9de3": {"angle": -1.7825468835708134, "magnitude": 2423.373674750868, "measurement_mrid": "_2e55181b-fd8f-4a8d-af9b-3d9cd94e9de3"}, "_81a51e42-7f49-4d2e-8b04-a2ac0682a4c8": {"angle": -1.0930013542505381, "magnitude": 2448.4761131614987, "measurement_mrid": "_81a51e42-7f49-4d2e-8b04-a2ac0682a4c8"}, "_73a88982-a388-47f5-8e24-756e33f9c8c3": {"angle": -0.47343347675197167, "magnitude": 2476.7378502898996, "measurement_mrid": "_73a88982-a388-47f5-8e24-756e33f9c8c3"}, "_6b208800-a756-4b8d-87ff-97efea6662c6": {"angle": -1.0685941396737764, "magnitude": 2451.644557436556, "measurement_mrid": "_6b208800-a756-4b8d-87ff-97efea6662c6"}, "_93d40c85-0fad-4ee9-8cba-94be18acc41a": {"angle": 119.25609430062347, "magnitude": 2459.458849050641, "measurement_mrid": "_93d40c85-0fad-4ee9-8cba-94be18acc41a"}, "_70de187d-11ee-480a-9689-28bd62c12baa": {"angle": 27.12675311765681, "magnitude": 29566.18395515739, "measurement_mrid": "_70de187d-11ee-480a-9689-28bd62c12baa"}, "_ae280c82-96ee-4c35-a779-48531eba1d33": {"angle": 27.12675311613425, "magnitude": 29866.11041879676, "measurement_mrid": "_ae280c82-96ee-4c35-a779-48531eba1d33"}, "_c325e410-48e6-4bc5-a6ce-67db4eed2522": {"angle": -1.7963452252254561, "magnitude": 2423.108801847122, "measurement_mrid": "_c325e410-48e6-4bc5-a6ce-67db4eed2522"}, "_3ee0f566-2de4-4735-b405-28a2cdc92207": {"angle": 119.20455861077156, "magnitude": 2441.7106078287284, "measurement_mrid": "_3ee0f566-2de4-4735-b405-28a2cdc92207"}, "_45891f20-d80e-46ce-a7de-a518f988b23d": {"measurement_mrid": "_45891f20-d80e-46ce-a7de-a518f988b23d", "value": 0}, "_16dc4abe-52aa-4a5d-81d5-d722214e530f": {"angle": 27.12675311787088, "magnitude": 29911.100691170883, "measurement_mrid": "_16dc4abe-52aa-4a5d-81d5-d722214e530f"}, "_3ca4d2b0-679d-469c-ab34-2a9f36a3bc15": {"angle": 27.12675311811205, "magnitude": 30218.75109797926, "measurement_mrid": "_3ca4d2b0-679d-469c-ab34-2a9f36a3bc15"}, "_d3466543-8e74-448e-a94d-02fabacfdc3b": {"angle": 27.12675311767829, "magnitude": 14898.751267469594, "measurement_mrid": "_d3466543-8e74-448e-a94d-02fabacfdc3b"}, "_de97446c-7fd2-4ce8-ae7b-87c7d94109c1": {"angle": 27.126753118617422, "magnitude": 14894.951150740726, "measurement_mrid": "_de97446c-7fd2-4ce8-ae7b-87c7d94109c1"}, "_e0631cb9-120c-4cf6-8128-3a45d0372f66": {"angle": 27.126753115981128, "magnitude": 15024.387999826316, "measurement_mrid": "_e0631cb9-120c-4cf6-8128-3a45d0372f66"}, "_3afb11b8-af1d-486a-a7a7-2ee4cbf192a0": {"angle": -1.8091771226307805, "magnitude": 2451.5891848755227, "measurement_mrid": "_3afb11b8-af1d-486a-a7a7-2ee4cbf192a0"}, "_5b398757-d960-4cdd-b8ba-35528e2f75df": {"angle": 27.126753117173326, "magnitude": 14936.222160660716, "measurement_mrid": "_5b398757-d960-4cdd-b8ba-35528e2f75df"}, "_916318c9-8e78-46eb-97e4-8732f82b166d": {"angle": 27.126753117609283, "magnitude": 29807.63435289836, "measurement_mrid": "_916318c9-8e78-46eb-97e4-8732f82b166d"}, "_1a0060a8-8838-479e-89ad-a718cb0d536c": {"angle": 27.126753117083002, "magnitude": 14994.985499974395, "measurement_mrid": "_1a0060a8-8838-479e-89ad-a718cb0d536c"}, "_6ce2f84c-250a-443c-abca-9d64bcb5defb": {"angle": 119.2393277967994, "magnitude": 2457.27845782757, "measurement_mrid": "_6ce2f84c-250a-443c-abca-9d64bcb5defb"}, "_c147ed46-0157-4144-8367-0c6c89a3d320": {"angle": 119.71837229362994, "magnitude": 2479.0932980858606, "measurement_mrid": "_c147ed46-0157-4144-8367-0c6c89a3d320"}, "_8a0380e7-b650-48e3-936c-245097e0b7f6": {"angle": -120.87070929754236, "magnitude": 2486.287702859326, "measurement_mrid": "_8a0380e7-b650-48e3-936c-245097e0b7f6"}, "_793c8b3c-202b-4cba-8953-c8098e1d428f": {"angle": -1.0970098663216903, "magnitude": 2447.9569585926774, "measurement_mrid": "_793c8b3c-202b-4cba-8953-c8098e1d428f"}, "_da981bb9-85fe-4d03-b7d3-02c67e8db2e8": {"angle": 119.20938248051937, "magnitude": 2442.3335564711056, "measurement_mrid": "_da981bb9-85fe-4d03-b7d3-02c67e8db2e8"}, "_510ce6bf-06af-464c-88f8-7362c80eb9ed": {"angle": -120.2281910277638, "magnitude": 2494.390822617199, "measurement_mrid": "_510ce6bf-06af-464c-88f8-7362c80eb9ed"}, "_504c841f-7b90-4506-b66f-d5e64798a107": {"angle": 27.126753117504922, "magnitude": 30006.43834612938, "measurement_mrid": "_504c841f-7b90-4506-b66f-d5e64798a107"}, "_db76d420-9ed9-43d2-9427-43e6faa2bcac": {"angle": 119.20472938136015, "magnitude": 2443.164004985616, "measurement_mrid": "_db76d420-9ed9-43d2-9427-43e6faa2bcac"}, "_7328e7a1-d34d-4405-b35e-fa54c4234b8c": {"angle": -1.676627679613201, "magnitude": 2424.496119852525, "measurement_mrid": "_7328e7a1-d34d-4405-b35e-fa54c4234b8c"}, "_db8c39d9-287c-41d2-84db-9cc4286651c6": {"angle": 27.126753117031114, "magnitude": 29562.95239094704, "measurement_mrid": "_db8c39d9-287c-41d2-84db-9cc4286651c6"}, "_a9e2b373-19fb-41ca-bdc2-dd0a0a4a0a60": {"angle": 27.12675311640818, "magnitude": 15216.311603252989, "measurement_mrid": "_a9e2b373-19fb-41ca-bdc2-dd0a0a4a0a60"}, "_7b087dd3-35f5-4a79-8d26-3c037b853751": {"angle": 27.12675311724838, "magnitude": 29910.425117970684, "measurement_mrid": "_7b087dd3-35f5-4a79-8d26-3c037b853751"}, "_094f8c99-f842-417f-87fe-57370dac611e": {"angle": 27.12675311574417, "magnitude": 15115.709273950537, "measurement_mrid": "_094f8c99-f842-417f-87fe-57370dac611e"}, "_bcfa6f80-f574-4f0c-8e87-52512aed41c1": {"angle": -1.687155775537431, "magnitude": 2423.146352311495, "measurement_mrid": "_bcfa6f80-f574-4f0c-8e87-52512aed41c1"}, "_c631be83-e212-4474-a3f8-e59bf1f03d91": {"angle": 27.126753117428102, "magnitude": 30217.24947307535, "measurement_mrid": "_c631be83-e212-4474-a3f8-e59bf1f03d91"}, "_23cf6fd1-ac8b-44dd-bc11-cd3517bf65e7": {"angle": 119.20755786933243, "magnitude": 2442.0734505877713, "measurement_mrid": "_23cf6fd1-ac8b-44dd-bc11-cd3517bf65e7"}, "_b636b254-8e26-45d9-9b60-d8d8e50d4743": {"angle": 27.12675311802685, "magnitude": 29563.410528288907, "measurement_mrid": "_b636b254-8e26-45d9-9b60-d8d8e50d4743"}, "_a3858ea5-1626-46f0-8460-6f0f05fe7801": {"angle": 27.126753118004288, "magnitude": 29579.87826311451, "measurement_mrid": "_a3858ea5-1626-46f0-8460-6f0f05fe7801"}, "_0ef487fb-9eec-4fce-9e80-79467f735a4f": {"angle": 119.70927061597098, "magnitude": 2477.8992094093055, "measurement_mrid": "_0ef487fb-9eec-4fce-9e80-79467f735a4f"}, "_06093444-a010-42d5-8162-9c9e9348a4bf": {"measurement_mrid": "_06093444-a010-42d5-8162-9c9e9348a4bf", "value": 2}, "_5d181016-ff2c-4e34-b042-e12ad607235d": {"measurement_mrid": "_5d181016-ff2c-4e34-b042-e12ad607235d", "value": 0}}