{"_f307e37c-7133-4809-8d08-01fd93bc2a40": {"angle": 27.126753116096616, "magnitude": 15701.31513129538, "measurement_mrid": "_f307e37c-7133-4809-8d08-01fd93bc2a40"}, "_7dd29d00-5fc3-489d-ba9f-e15e503a9ce4": {"angle": 27.126753118090825, "magnitude": 15872.67749337436, "measurement_mrid": "_7dd29d00-5fc3-489d-ba9f-e15e503a9ce4"}, "_d8bd1d3c-9140-4c9f-99a0-4a6d02e1cc8a": {"angle": -3.0450895736432657, "magnitude": 2554.6404172667494, "measurement_mrid": "_d8bd1d3c-9140-4c9f-99a0-4a6d02e1cc8a"}, "_cb21ca22-a728-4836-a40b-14335a458512": {"angle": 27.126753116692047, "magnitude": 31797.788915564885, "measurement_mrid": "_cb21ca22-a728-4836-a40b-14335a458512"}, "_698f74c4-76ee-4970-8b0b-06c1a435770a": {"angle": 27.12675311723106, "magnitude": 15847.773508982684, "measurement_mrid": "_698f74c4-76ee-4970-8b0b-06c1a435770a"}, "_e7743f41-c7d8-42ac-8eb6-422b094306b1": {"angle": 27.126753116733955, "magnitude": 31368.54951333168, "measurement_mrid": "_e7743f41-c7d8-42ac-8eb6-422b094306b1"}, "_13cbf0a8-449d-4910-af1a-5d8b62ccea35": {"angle": -2.9893355426530177, "magnitude": 2562.1923618575643, "measurement_mrid": "_13cbf0a8-449d-4910-af1a-5d8b62ccea35"}, "_9dc2fd5e-7592-4139-8a07-58c7c5214240": {"angle": 27.126753116728253, "magnitude": 31331.848943667337, "measurement_mrid": "_9dc2fd5e-7592-4139-8a07-58c7c5214240"}, "_2c904349-8c6b-4ad8-aa07-a9f3f020fc92": {"angle": 27.126753117460677, "magnitude": 31599.129129266235, "measurement_mrid": "_2c904349-8c6b-4ad8-aa07-a9f3f020fc92"}, "_494a19ca-8a5d-42f4-b2a3-a0e09187a5a4": {"angle": 27.12675311665935, "magnitude": 31629.27590656775, "measurement_mrid": "_494a19ca-8a5d-42f4-b2a3-a0e09187a5a4"}, "_000b01a1-8238-4372-95c0-82aad26ea311": {"angle": 27.12675311639323, "magnitude": 15871.695334706468, "measurement_mrid": "_000b01a1-8238-4372-95c0-82aad26ea311"}, "_34084725-2042-4043-8e46-41d4fc88f26c": {"angle": 118.29177653051242, "magnitude": 2527.6052427478708, "measurement_mrid": "_34084725-2042-4043-8e46-41d4fc88f26c"}, "_6f946378-6bba-4db1-9b3a-646e976a4f78": {"angle": 118.31228923571842, "magnitude": 2530.35139043082, "measurement_mrid": "_6f946378-6bba-4db1-9b3a-646e976a4f78"}, "_4e3bbe43-5b74-4a05-b087-2304372bd16d": {"angle": 118.26964967989164, "magnitude": 2524.647995128282, "measurement_mrid": "_4e3bbe43-5b74-4a05-b087-2304372bd16d"}, "_7f3ed50b-f22e-47e2-9c2f-87b7b7275aef": {"angle": -3.021673527161478, "magnitude": 2557.809076040588, "measurement_mrid": "_7f3ed50b-f22e-47e2-9c2f-87b7b7275aef"}, "_38312e44-4321-456c-8296-e0da3a78ff93": {"angle": -121.71681048160485, "magnitude": 2546.1848144996984, "measurement_mrid": "_38312e44-4321-456c-8296-e0da3a78ff93"}, "_323189ac-d99f-428b-8a0f-829a1f469923": {"angle": 27.12675311822189, "magnitude": 31704.066399145126, "measurement_mrid": "_323189ac-d99f-428b-8a0f-829a1f469923"}, "_815bbb13-ad68-4504-9ff0-70cb5f70f14f": {"angle": -121.69878511297368, "magnitude": 2548.613973009533, "measurement_mrid": "_815bbb13-ad68-4504-9ff0-70cb5f70f14f"}, "_843eae72-ffc4-4e92-9b5e-3141237d138d": {"angle": -3.0204941159754304, "magnitude": 2557.967357017724, "measurement_mrid": "_843eae72-ffc4-4e92-9b5e-3141237d138d"}, "_02d765b8-ac30-4565-a7b8-44a1c4d71c92": {"angle": -3.0501717604228364, "magnitude": 2553.9539461404875, "measurement_mrid": "_02d765b8-ac30-4565-a7b8-44a1c4d71c92"}}