{"_4bfac069-dbd3-41a3-beaf-ea9a7f40cd19": {"angle": 121.41165241519788, "magnitude": 2484.362770153255, "measurement_mrid": "_4bfac069-dbd3-41a3-beaf-ea9a7f40cd19"}, "_67c515c4-c6fc-4182-87f7-facdd5405d96": {"angle": -180.0, "magnitude": 40000.0, "measurement_mrid": "_67c515c4-c6fc-4182-87f7-facdd5405d96"}, "_20be3969-e729-45c8-b6bf-7cb0dbf05752": {"angle": -119.36048426391247, "magnitude": 2496.216050247787, "measurement_mrid": "_20be3969-e729-45c8-b6bf-7cb0dbf05752"}, "_be0e7fb3-96c9-472d-b267-2f866f41db17": {"angle": 35.90406858346643, "magnitude": 35813.30343340088, "measurement_mrid": "_be0e7fb3-96c9-472d-b267-2f866f41db17"}, "_a3a6b9e4-0fd9-47da-909e-b04d29298599": {"angle": 1.4363130097145007, "magnitude": 2462.718753548745, "measurement_mrid": "_a3a6b9e4-0fd9-47da-909e-b04d29298599"}, "_3eb013a0-9f63-4618-9239-c5256738a47e": {"angle": -119.60442907658307, "magnitude": 2500.123933053196, "measurement_mrid": "_3eb013a0-9f63-4618-9239-c5256738a47e"}, "_1d90239d-a49d-4a24-a43a-46d178283c4b": {"angle": 0.9958790857073504, "magnitude": 2485.27086961049, "measurement_mrid": "_1d90239d-a49d-4a24-a43a-46d178283c4b"}, "_d539bdf5-026b-4b97-8c23-66ce8e0842fc": {"angle": -119.70401296673803, "magnitude": 2503.02635857084, "measurement_mrid": "_d539bdf5-026b-4b97-8c23-66ce8e0842fc"}, "_223e1e88-bf0b-4d5f-8083-97fecdc91b22": {"angle": 24.49464847104257, "magnitude": 69850.76028990043, "measurement_mrid": "_223e1e88-bf0b-4d5f-8083-97fecdc91b22"}, "_e58aa3c5-fd8f-4347-b97d-e438939db86c": {"angle": 27.126753116360526, "magnitude": 18900.17843692428, "measurement_mrid": "_e58aa3c5-fd8f-4347-b97d-e438939db86c"}, "_1825fd51-3ddf-4f2f-9d70-e4cb5edb4c86": {"angle": 180.0, "magnitude": 35000.0, "measurement_mrid": "_1825fd51-3ddf-4f2f-9d70-e4cb5edb4c86"}, "_205e1066-0dc6-4347-9459-8021a18572e4": {"angle": -119.60442907658307, "magnitude": 2500.123933053196, "measurement_mrid": "_205e1066-0dc6-4347-9459-8021a18572e4"}, "_4b78c454-fd3b-480d-aaec-dc78717b7d0f": {"angle": 0.9958790857073504, "magnitude": 2485.27086961049, "measurement_mrid": "_4b78c454-fd3b-480d-aaec-dc78717b7d0f"}, "_96e8743b-9191-4d0f-b777-0c94314de361": {"angle": 180.0, "magnitude": 75000.0, "measurement_mrid": "_96e8743b-9191-4d0f-b777-0c94314de361"}, "_234b65bc-fd23-4c2d-8f97-4e20d3c6e9cd": {"angle": 1.0691323403317252, "magnitude": 2482.3864538979306, "measurement_mrid": "_234b65bc-fd23-4c2d-8f97-4e20d3c6e9cd"}, "_6bad39c5-05a0-4cb3-9c49-9f389b02a99f": {"angle": 121.38156845600317, "magnitude": 2484.4577346882215, "measurement_mrid": "_6bad39c5-05a0-4cb3-9c49-9f389b02a99f"}, "_1e35e544-6869-4326-b427-a232c13baeff": {"angle": 1.0691323403317252, "magnitude": 2482.3864538979306, "measurement_mrid": "_1e35e544-6869-4326-b427-a232c13baeff"}, "_3861e378-cf84-4818-9b6f-e12d554e09dd": {"angle": 180.0, "magnitude": 20000.0, "measurement_mrid": "_3861e378-cf84-4818-9b6f-e12d554e09dd"}, "_bc6a9585-4a6d-4092-be3a-865040d0dda8": {"angle": 180.0, "magnitude": 40000.0, "measurement_mrid": "_bc6a9585-4a6d-4092-be3a-865040d0dda8"}, "_2e5c3b26-3dc4-45bb-9bce-2ada57b076e8": {"angle": -119.36048426391247, "magnitude": 2496.216050247787, "measurement_mrid": "_2e5c3b26-3dc4-45bb-9bce-2ada57b076e8"}, "_52cc5b75-6d79-4e32-9f18-f8eee8d3dade": {"angle": 27.126753116538787, "magnitude": 37254.43221660903, "measurement_mrid": "_52cc5b75-6d79-4e32-9f18-f8eee8d3dade"}, "_db8a56a4-581a-41a2-9167-fa3b420d98bc": {"angle": 1.116196944270062, "magnitude": 2480.6643578521325, "measurement_mrid": "_db8a56a4-581a-41a2-9167-fa3b420d98bc"}, "_7c0b5b0c-b8e2-4678-a299-cc6848359576": {"angle": -180.0, "magnitude": 20000.0, "measurement_mrid": "_7c0b5b0c-b8e2-4678-a299-cc6848359576"}, "_ba369130-9709-4ab2-8633-25e128ce0ebe": {"angle": 1.4279953411010122, "magnitude": 2463.878472284254, "measurement_mrid": "_ba369130-9709-4ab2-8633-25e128ce0ebe"}, "_8c0aa5f4-dad2-4ec9-8f6e-0d193d0bb66a": {"angle": 35.90406858352512, "magnitude": 36312.45584824356, "measurement_mrid": "_8c0aa5f4-dad2-4ec9-8f6e-0d193d0bb66a"}, "_acec4643-cf20-48a4-8c09-3c6e41210268": {"angle": 180.0, "magnitude": 75000.0, "measurement_mrid": "_acec4643-cf20-48a4-8c09-3c6e41210268"}}