{"_e57c7e3d-8d75-4bca-9ef2-1a0a96f1eab2": {"angle": 27.12675311661982, "magnitude": 18417.960496521486, "measurement_mrid": "_e57c7e3d-8d75-4bca-9ef2-1a0a96f1eab2"}, "_607519ba-60cb-4df3-af63-ce93a18b3204": {"angle": 121.36014115407491, "magnitude": 2485.5480164499013, "measurement_mrid": "_607519ba-60cb-4df3-af63-ce93a18b3204"}, "_b2749f59-e543-4bf2-a70e-95521f7f235c": {"angle": 180.0, "magnitude": 40000.0, "measurement_mrid": "_b2749f59-e543-4bf2-a70e-95521f7f235c"}, "_87aa9da9-9b59-49b1-8446-07ee72f2cf40": {"angle": 180.0, "magnitude": 40000.0, "measurement_mrid": "_87aa9da9-9b59-49b1-8446-07ee72f2cf40"}, "_3591b224-05a7-4f83-b81a-b7dff1f9b229": {"angle": 1.7272072998755459, "magnitude": 2457.342939693881, "measurement_mrid": "_3591b224-05a7-4f83-b81a-b7dff1f9b229"}, "_1d973485-d1d2-48a9-a386-634ed66cfb6d": {"angle": 1.7272072998755459, "magnitude": 2457.342939693881, "measurement_mrid": "_1d973485-d1d2-48a9-a386-634ed66cfb6d"}, "_6be3ddad-f11e-48b9-ba32-4b46c7b53909": {"angle": 180.0, "magnitude": 40000.0, "measurement_mrid": "_6be3ddad-f11e-48b9-ba32-4b46c7b53909"}, "_ad0859b8-63e9-49db-ba12-5abb19138c6f": {"angle": 121.36014115407491, "magnitude": 2485.5480164499013, "measurement_mrid": "_ad0859b8-63e9-49db-ba12-5abb19138c6f"}, "_7c6f34ab-0a7e-42a0-89be-6e2798375388": {"angle": 27.126753117670493, "magnitude": 36383.44011923012, "measurement_mrid": "_7c6f34ab-0a7e-42a0-89be-6e2798375388"}, "_e07b806a-1ccc-44f5-99a8-5b41468e087c": {"angle": 27.12675311800667, "magnitude": 18197.22640011922, "measurement_mrid": "_e07b806a-1ccc-44f5-99a8-5b41468e087c"}, "_8837e0cd-e716-4d1d-b0fb-8224cd52c202": {"angle": 180.0, "magnitude": 20000.0, "measurement_mrid": "_8837e0cd-e716-4d1d-b0fb-8224cd52c202"}, "_91883e9e-0c58-4166-99b7-5966f0a96ff8": {"angle": 180.0, "magnitude": 20000.0, "measurement_mrid": "_91883e9e-0c58-4166-99b7-5966f0a96ff8"}, "_6c228907-c797-4b4f-962a-a2ddbbe5b061": {"angle": 27.12675311697321, "magnitude": 36826.35637293467, "measurement_mrid": "_6c228907-c797-4b4f-962a-a2ddbbe5b061"}, "_53735bdb-b516-4ec3-87cd-8c94bf6f7b26": {"angle": 27.12675311669935, "magnitude": 18190.585108895302, "measurement_mrid": "_53735bdb-b516-4ec3-87cd-8c94bf6f7b26"}, "_63004c0e-22a2-4a94-b444-db53db69be7d": {"angle": 1.8405197594567508, "magnitude": 2455.500744101554, "measurement_mrid": "_63004c0e-22a2-4a94-b444-db53db69be7d"}, "_571780f7-44aa-4077-9055-5ceeb26f8333": {"angle": 180.0, "magnitude": 40000.0, "measurement_mrid": "_571780f7-44aa-4077-9055-5ceeb26f8333"}, "_53a5e40b-2add-48a2-981f-e868feaf2c83": {"angle": 1.7874674134543533, "magnitude": 2456.3619943450444, "measurement_mrid": "_53a5e40b-2add-48a2-981f-e868feaf2c83"}, "_1d90f4d1-eca4-4b61-9eae-d76365b3caa3": {"angle": 27.126753117987242, "magnitude": 36408.46453955805, "measurement_mrid": "_1d90f4d1-eca4-4b61-9eae-d76365b3caa3"}, "_3e91cbd6-3901-4da5-b8a0-d31b4319dff7": {"angle": 27.12675311692379, "magnitude": 36918.2223257271, "measurement_mrid": "_3e91cbd6-3901-4da5-b8a0-d31b4319dff7"}, "_71a1c2f5-7e08-49fb-9ff4-08c7ba1c89fc": {"angle": -119.29304499327658, "magnitude": 2491.172236528352, "measurement_mrid": "_71a1c2f5-7e08-49fb-9ff4-08c7ba1c89fc"}}