{"_adeaed9a-ef5f-4885-8716-a4fa694c721e": {"angle": 118.44100861413199, "magnitude": 2425.8579908618067, "measurement_mrid": "_adeaed9a-ef5f-4885-8716-a4fa694c721e"}, "_eb5bdbcf-06ab-4f00-aca6-d0bff6644439": {"angle": -1.8198562090548325, "magnitude": 2429.588500601127, "measurement_mrid": "_eb5bdbcf-06ab-4f00-aca6-d0bff6644439"}, "_3d933a0b-3ed5-4eb0-a1bc-ca977960fb83": {"angle": 35.90406858243557, "magnitude": 28830.447857703522, "measurement_mrid": "_3d933a0b-3ed5-4eb0-a1bc-ca977960fb83"}, "_ee96df91-12d8-4f56-89fd-34a110e2963c": {"angle": 24.494648471693534, "magnitude": 55661.06125176956, "measurement_mrid": "_ee96df91-12d8-4f56-89fd-34a110e2963c"}, "_3a4b838f-6438-4c14-9f0a-4ecc6bfd20ff": {"angle": 35.90406858330366, "magnitude": 57909.71237900246, "measurement_mrid": "_3a4b838f-6438-4c14-9f0a-4ecc6bfd20ff"}, "_e1e5ee3e-9664-4343-b8a3-99da95417020": {"angle": 27.126753115540573, "magnitude": 15062.107282912613, "measurement_mrid": "_e1e5ee3e-9664-4343-b8a3-99da95417020"}, "_5afdd23c-9dd6-4ef1-9fed-6967676d9a0a": {"angle": 27.1267531180356, "magnitude": 15446.32527538609, "measurement_mrid": "_5afdd23c-9dd6-4ef1-9fed-6967676d9a0a"}, "_6a2c3677-4ffe-48a0-b1ac-89319fd4c79f": {"angle": 27.126753117428308, "magnitude": 15000.214483166768, "measurement_mrid": "_6a2c3677-4ffe-48a0-b1ac-89319fd4c79f"}, "_86befb95-aa3b-43e8-9e05-9b969cf10449": {"angle": 118.43920433404648, "magnitude": 2423.4607602677515, "measurement_mrid": "_86befb95-aa3b-43e8-9e05-9b969cf10449"}, "_a6c19c59-cfd7-445d-a7ca-ef9c53706242": {"angle": -2.6731366472276954, "magnitude": 2415.4346943234355, "measurement_mrid": "_a6c19c59-cfd7-445d-a7ca-ef9c53706242"}, "_3e9a35b5-3359-49f9-88ff-a23d1f458c52": {"angle": -121.03361860995936, "magnitude": 2492.7194869750524, "measurement_mrid": "_3e9a35b5-3359-49f9-88ff-a23d1f458c52"}, "_82ebfab5-bcd5-433f-bda4-e76ccca1d53a": {"angle": -121.18870957811589, "magnitude": 2489.7864624006534, "measurement_mrid": "_82ebfab5-bcd5-433f-bda4-e76ccca1d53a"}, "_0e2b52cc-c6dd-4de7-ba04-d32f5a040cb6": {"angle": 118.44759143751838, "magnitude": 2437.90219091397, "measurement_mrid": "_0e2b52cc-c6dd-4de7-ba04-d32f5a040cb6"}, "_37a56da1-c56c-4954-9dbf-6a9fd4903824": {"angle": 27.126753117057692, "magnitude": 30152.124188705737, "measurement_mrid": "_37a56da1-c56c-4954-9dbf-6a9fd4903824"}, "_540960cf-0ced-4e05-b650-a543bafb8e0b": {"angle": -1.9031706616355917, "magnitude": 2427.339606913622, "measurement_mrid": "_540960cf-0ced-4e05-b650-a543bafb8e0b"}, "_e0064a3f-f0bf-4c4d-8762-ebd498ea5c76": {"angle": -1.6815455000509931, "magnitude": 2433.078525361921, "measurement_mrid": "_e0064a3f-f0bf-4c4d-8762-ebd498ea5c76"}, "_8b82bf3f-f55e-4df8-b528-a8a8a5315b93": {"angle": 27.126753117206906, "magnitude": 15467.801961788478, "measurement_mrid": "_8b82bf3f-f55e-4df8-b528-a8a8a5315b93"}, "_cdeb301c-50fd-4e70-9bbc-603856d19ba1": {"angle": -121.19272064877599, "magnitude": 2489.2584033891044, "measurement_mrid": "_cdeb301c-50fd-4e70-9bbc-603856d19ba1"}, "_56dae9fd-22a0-4055-a990-b757f4812bed": {"angle": 27.126753118202117, "magnitude": 15449.601984397881, "measurement_mrid": "_56dae9fd-22a0-4055-a990-b757f4812bed"}, "_f7b11ce3-2795-45ae-b13d-b093d6d05aab": {"angle": 27.12675311659151, "magnitude": 30195.436739141584, "measurement_mrid": "_f7b11ce3-2795-45ae-b13d-b093d6d05aab"}, "_6602c228-204e-42f3-918a-a552ffb7e50e": {"angle": -121.3904663489743, "magnitude": 2481.7378867288708, "measurement_mrid": "_6602c228-204e-42f3-918a-a552ffb7e50e"}, "_190d03aa-7987-43f4-85bf-31b937b7ea22": {"angle": -2.6443426390452087, "magnitude": 2415.8460771209266, "measurement_mrid": "_190d03aa-7987-43f4-85bf-31b937b7ea22"}, "_1688305a-45e7-46e2-b8d7-56c946efabac": {"angle": 35.904068584074615, "magnitude": 29621.837808925487, "measurement_mrid": "_1688305a-45e7-46e2-b8d7-56c946efabac"}, "_ab690295-a0a2-4233-870f-e384a90b146a": {"angle": 27.126753117883442, "magnitude": 30255.300273198587, "measurement_mrid": "_ab690295-a0a2-4233-870f-e384a90b146a"}, "_95166b23-aae5-444b-946e-5bfd04db9b04": {"angle": -2.635277133416366, "magnitude": 2417.3652497624626, "measurement_mrid": "_95166b23-aae5-444b-946e-5bfd04db9b04"}, "_3c6c21ae-f288-426d-bf45-881ccce6aeef": {"angle": -121.42839027164501, "magnitude": 2481.9482683983993, "measurement_mrid": "_3c6c21ae-f288-426d-bf45-881ccce6aeef"}, "_3dcd54ee-3c45-4642-aab8-7144d9834135": {"angle": 24.494648471745972, "magnitude": 57004.37856278528, "measurement_mrid": "_3dcd54ee-3c45-4642-aab8-7144d9834135"}, "_443e2aa1-2964-45b1-809f-8e1dbb33e2bc": {"angle": 27.126753116384354, "magnitude": 29981.575453694095, "measurement_mrid": "_443e2aa1-2964-45b1-809f-8e1dbb33e2bc"}}