{"_fc47b1c2-6a0a-432b-998a-32cb05470fce": {"angle": -2.860897529080322, "magnitude": 2573.67308975265, "measurement_mrid": "_fc47b1c2-6a0a-432b-998a-32cb05470fce"}, "_80664456-421d-412b-a7da-877c7ef34989": {"measurement_mrid": "_80664456-421d-412b-a7da-877c7ef34989", "value": 1}, "_c2300168-c15c-4203-83da-a5eb737b2947": {"angle": -3.0214909519559394, "magnitude": 2576.6546709141526, "measurement_mrid": "_c2300168-c15c-4203-83da-a5eb737b2947"}, "_34ee1373-0794-4bf7-90de-b7136f5778d0": {"angle": 117.97832201576209, "magnitude": 2539.543281777869, "measurement_mrid": "_34ee1373-0794-4bf7-90de-b7136f5778d0"}, "_15e423b1-2e42-4fd0-9f51-f0e920bdd10a": {"angle": 27.126753117579508, "magnitude": 16009.50763712239, "measurement_mrid": "_15e423b1-2e42-4fd0-9f51-f0e920bdd10a"}, "_dd163b23-58a5-463c-9544-412572658c41": {"angle": -121.98163172032821, "magnitude": 2549.430495023719, "measurement_mrid": "_dd163b23-58a5-463c-9544-412572658c41"}, "_86860789-5fb5-4126-838c-1e333d837398": {"angle": -121.94508389492498, "magnitude": 2561.5623213150293, "measurement_mrid": "_86860789-5fb5-4126-838c-1e333d837398"}, "_613691bd-8e71-4285-ba62-0f7f8285b11b": {"angle": -121.80313845700267, "magnitude": 2552.5988377976546, "measurement_mrid": "_613691bd-8e71-4285-ba62-0f7f8285b11b"}, "_aa55f630-76d8-4016-86fa-51285dc92507": {"angle": 35.904068583652666, "magnitude": 60838.57209038136, "measurement_mrid": "_aa55f630-76d8-4016-86fa-51285dc92507"}, "_b31f3e71-fdc6-4400-b2dd-9479a48e648d": {"angle": 27.12675311640168, "magnitude": 32085.33543345761, "measurement_mrid": "_b31f3e71-fdc6-4400-b2dd-9479a48e648d"}, "_cf759adc-06e1-4d52-a881-85230df64e53": {"angle": 27.12675311534548, "magnitude": 15879.599091861008, "measurement_mrid": "_cf759adc-06e1-4d52-a881-85230df64e53"}, "_49aaa89e-98fc-45e4-96ef-25f980e0e956": {"angle": -2.8395202663830936, "magnitude": 2573.130036711159, "measurement_mrid": "_49aaa89e-98fc-45e4-96ef-25f980e0e956"}, "_369dc08b-4e0a-45ac-9614-00ca8992b846": {"angle": 27.126753116391008, "magnitude": 31783.345417726596, "measurement_mrid": "_369dc08b-4e0a-45ac-9614-00ca8992b846"}, "_5b648ad0-8416-49ac-85d8-312601d76e44": {"angle": 27.126753117930818, "magnitude": 31504.265714791774, "measurement_mrid": "_5b648ad0-8416-49ac-85d8-312601d76e44"}, "_f2000b47-7b9f-448f-a737-89b04a08f12c": {"angle": 27.12675311698257, "magnitude": 31936.97055834375, "measurement_mrid": "_f2000b47-7b9f-448f-a737-89b04a08f12c"}, "_f5128193-09f6-4fb5-9852-4ccce4039462": {"angle": 27.126753116359335, "magnitude": 31785.7137368187, "measurement_mrid": "_f5128193-09f6-4fb5-9852-4ccce4039462"}, "_1bfd5856-f3cb-4613-ad0c-a2093f13ec0c": {"angle": 27.126753117173642, "magnitude": 15898.374738187986, "measurement_mrid": "_1bfd5856-f3cb-4613-ad0c-a2093f13ec0c"}, "_6a64b5da-438b-4baa-a2e1-3d24c6b2b14d": {"angle": 27.126753117071154, "magnitude": 32087.964831402485, "measurement_mrid": "_6a64b5da-438b-4baa-a2e1-3d24c6b2b14d"}, "_bb9b754a-726d-4ef1-9b2e-025fc2663105": {"angle": -121.87216460463834, "magnitude": 2555.954138413951, "measurement_mrid": "_bb9b754a-726d-4ef1-9b2e-025fc2663105"}, "_fbe3a8c4-6064-4185-9fbe-9fedf0136073": {"angle": 90.0, "magnitude": 225098.70987899258, "measurement_mrid": "_fbe3a8c4-6064-4185-9fbe-9fedf0136073"}, "_8484cba3-2163-4d05-9102-e9cbc438a0c1": {"angle": 118.21383468809226, "magnitude": 2528.5541059851134, "measurement_mrid": "_8484cba3-2163-4d05-9102-e9cbc438a0c1"}, "_cdfbb7de-4c43-4fe9-b2e8-265d9d4e3c0f": {"angle": 35.90406858362639, "magnitude": 61217.022563202154, "measurement_mrid": "_cdfbb7de-4c43-4fe9-b2e8-265d9d4e3c0f"}, "_393cc431-9823-491d-9570-785831ccf2fd": {"angle": -121.91849303753204, "magnitude": 2550.3156370313595, "measurement_mrid": "_393cc431-9823-491d-9570-785831ccf2fd"}, "_e8581c38-4fb1-4483-8834-88c5575d8bde": {"angle": 27.126753116274145, "magnitude": 31637.307569380082, "measurement_mrid": "_e8581c38-4fb1-4483-8834-88c5575d8bde"}, "_a8658de9-a40c-41d4-af80-beda4cfd16dc": {"angle": 36.86989764596482, "magnitude": 94858.9904964, "measurement_mrid": "_a8658de9-a40c-41d4-af80-beda4cfd16dc"}, "_8c72a635-edce-4dcb-8385-904f5abd2123": {"angle": 27.12675311698641, "magnitude": 15882.244767374894, "measurement_mrid": "_8c72a635-edce-4dcb-8385-904f5abd2123"}, "_c8dde0d8-f4c4-4f1a-b29b-f4d7413f3214": {"angle": 118.11186754571108, "magnitude": 2542.9881953731156, "measurement_mrid": "_c8dde0d8-f4c4-4f1a-b29b-f4d7413f3214"}, "_2513d684-48ba-4f10-9fbe-0da7e6b570c6": {"measurement_mrid": "_2513d684-48ba-4f10-9fbe-0da7e6b570c6", "value": 1}, "_254050cf-e428-40cd-810b-7962f475f5d3": {"angle": 27.12675311713676, "magnitude": 31564.568940410714, "measurement_mrid": "_254050cf-e428-40cd-810b-7962f475f5d3"}, "_3b64cf07-ca07-44ec-b79d-617c1592bb74": {"angle": 90.0, "magnitude": 228893.7516347734, "measurement_mrid": "_3b64cf07-ca07-44ec-b79d-617c1592bb74"}, "_9adfcce1-9259-4255-ad8f-7f48eeb5e6ce": {"angle": 27.126753117786674, "magnitude": 32309.20926419306, "measurement_mrid": "_9adfcce1-9259-4255-ad8f-7f48eeb5e6ce"}, "_c7cd69ab-b8b2-4155-a943-8dd9a30df2e2": {"angle": 90.0, "magnitude": 56041.19314301959, "measurement_mrid": "_c7cd69ab-b8b2-4155-a943-8dd9a30df2e2"}, "_f100f9ee-98aa-419c-b24a-968140aa5cdf": {"angle": 27.12675311728624, "magnitude": 31705.3926202282, "measurement_mrid": "_f100f9ee-98aa-419c-b24a-968140aa5cdf"}, "_e1885606-6365-4283-8f72-d6da4fc028b9": {"angle": 27.12675311697082, "magnitude": 31788.18488867788, "measurement_mrid": "_e1885606-6365-4283-8f72-d6da4fc028b9"}, "_5b10c5e7-d031-4102-b312-d425b0f82321": {"measurement_mrid": "_5b10c5e7-d031-4102-b312-d425b0f82321", "value": 4}, "_9545c5e0-a9e9-47cf-a15e-419ce72ff456": {"angle": 27.126753117853212, "magnitude": 15884.081789969909, "measurement_mrid": "_9545c5e0-a9e9-47cf-a15e-419ce72ff456"}, "_218bdad9-c1d3-4ed9-91dc-3c6178b213c0": {"angle": -122.05169149196935, "magnitude": 2547.728170634082, "measurement_mrid": "_218bdad9-c1d3-4ed9-91dc-3c6178b213c0"}, "_3bf31a65-6554-4a8c-86f2-52fbbbb1ecb9": {"angle": -3.147555597195007, "magnitude": 2594.2845095707216, "measurement_mrid": "_3bf31a65-6554-4a8c-86f2-52fbbbb1ecb9"}, "_dd46c194-a49c-4060-aed5-85953530a8fc": {"angle": 90.0, "magnitude": 57534.86777438348, "measurement_mrid": "_dd46c194-a49c-4060-aed5-85953530a8fc"}, "_e302d534-9a09-461c-b541-a6ec77ec8f5c": {"angle": -122.05727798672896, "magnitude": 2549.6286988886095, "measurement_mrid": "_e302d534-9a09-461c-b541-a6ec77ec8f5c"}, "_0bbf73e1-33db-4bdf-afde-66c4c9be6a1c": {"angle": 27.126753117978076, "magnitude": 31562.47414851332, "measurement_mrid": "_0bbf73e1-33db-4bdf-afde-66c4c9be6a1c"}, "_2d768a5f-710e-45d0-ad9f-cdd195024cfb": {"angle": 117.96330950948261, "magnitude": 2537.527310700175, "measurement_mrid": "_2d768a5f-710e-45d0-ad9f-cdd195024cfb"}, "_42f05bba-0220-4718-8a24-edf70d3bf716": {"angle": 90.0, "magnitude": 56334.25594803421, "measurement_mrid": "_42f05bba-0220-4718-8a24-edf70d3bf716"}, "_69875df3-04c9-4aa8-84e9-00c79d56e490": {"angle": 27.126753118048633, "magnitude": 31525.431711454326, "measurement_mrid": "_69875df3-04c9-4aa8-84e9-00c79d56e490"}, "_9803e1e2-0486-4175-bfb6-809620ab91f6": {"angle": -2.860951531638263, "magnitude": 2570.2119428717224, "measurement_mrid": "_9803e1e2-0486-4175-bfb6-809620ab91f6"}, "_3cd6c605-4d35-4b59-8a2b-b6c39a5f9512": {"measurement_mrid": "_3cd6c605-4d35-4b59-8a2b-b6c39a5f9512", "value": 10}, "_59fa6eee-3467-4954-8979-e3a848a396aa": {"angle": 27.126753117315708, "magnitude": 32044.81204720297, "measurement_mrid": "_59fa6eee-3467-4954-8979-e3a848a396aa"}, "_dd73a720-2d05-478a-bb98-9d3361242ec9": {"angle": 27.126753118531923, "magnitude": 16040.59708894447, "measurement_mrid": "_dd73a720-2d05-478a-bb98-9d3361242ec9"}, "_23ef5df3-7441-4563-9d1c-e38e318d761f": {"measurement_mrid": "_23ef5df3-7441-4563-9d1c-e38e318d761f", "value": 1}, "_f8b7c9b8-3c3b-4fb2-8c48-70ff1fe4ba6f": {"angle": 27.126753117431683, "magnitude": 32185.050264090332, "measurement_mrid": "_f8b7c9b8-3c3b-4fb2-8c48-70ff1fe4ba6f"},