{"_cdfe34b0-1d8b-4ae8-9429-fc537f881296": {"angle": -1.8440058748395292, "magnitude": 2410.308941110212, "measurement_mrid": "_cdfe34b0-1d8b-4ae8-9429-fc537f881296"}}